C(%);Mn(%);Si(%);S(%);P(%);Ti(ppm);B(ppm);Al(ppm);N(ppm);O(ppm);Cr(%);Ni(%);Mo(%);V(ppm);Cu(%);Nb(ppm);Temp;-70;Ref;;;;;;;;;;;;;;;;;;;;
0.062;0.62;0.29;0.007;0.007;6;2;5;72;500;0.03;3.01;0.005;5;0.03;5;-70;90;A3Ni;;;;;;;;;;;;;;;;;;;;
0.057;0.65;0.30;0.007;0.007;36;2;5;72;460;0.03;3.03;0.005;5;0.03;5;-70;128;A3Ni;;;;;;;;;;;;;;;;;;;;
0.059;0.63;0.31;0.007;0.007;82;2;5;64;426;0.03;3.00;0.005;5;0.03;5;-70;112;A3Ni;;;;;;;;;;;;;;;;;;;;
0.065;0.65;0.35;0.007;0.006;150;2;5;68;384;0.03;3.00;0.005;5;0.03;5;-70;116;A3Ni;;;;;;;;;;;;;;;;;;;;
0.069;0.67;0.39;0.006;0.011;220;2;5;70;328;0.03;2.96;0.005;5;0.03;5;-70;115;A3Ni;;;;;;;;;;;;;;;;;;;;
0.064;0.65;0.30;0.004;0.008;6;2;5;51;400;0.03;2.88;0.005;5;0.03;5;-70;97;A3Ni;;;;;;;;;;;;;;;;;;;;
0.063;0.65;0.28;0.005;0.008;35;2;5;53;363;0.03;2.82;0.005;5;0.03;5;-70;126;A3Ni;;;;;;;;;;;;;;;;;;;;
0.061;0.63;0.29;0.004;0.007;87;2;5;55;361;0.03;2.89;0.005;5;0.03;5;-70;133;A3Ni;;;;;;;;;;;;;;;;;;;;
0.062;0.60;0.25;0.004;0.009;140;2;5;57;350;0.03;2.83;0.005;5;0.03;5;-70;146;A3Ni;;;;;;;;;;;;;;;;;;;;
0.066;0.63;0.32;0.004;0.008;260;2;5;56;314;0.03;2.93;0.005;5;0.03;5;-70;143;A3Ni;;;;;;;;;;;;;;;;;;;;
0.071;0.63;0.39;0.004;0.008;6;2;5;41;279;0.03;2.73;0.005;5;0.03;5;-70;105;A3Ni;;;;;;;;;;;;;;;;;;;;
0.070;0.65;0.39;0.003;0.009;60;2;5;43;269;0.03;2.78;0.005;5;0.03;5;-70;151;A3Ni;;;;;;;;;;;;;;;;;;;;
0.068;0.65;0.29;0.003;0.010;110;2;5;50;272;0.03;2.79;0.005;5;0.03;5;-70;162;A3Ni;;;;;;;;;;;;;;;;;;;;
0.068;0.62;0.29;0.003;0.009;170;2;5;56;286;0.03;2.78;0.005;5;0.03;5;-70;147;A3Ni;;;;;;;;;;;;;;;;;;;;
0.062;0.57;0.30;0.003;0.008;230;2;5;56;277;0.03;2.78;0.005;5;0.03;5;-70;157;A3Ni;;;;;;;;;;;;;;;;;;;;
0.054;0.66;0.31;0.007;0.007;8;2;22;58;495;0.03;5.37;0.005;5;0.03;5;-70;89;A5Ni;;;;;;;;;;;;;;;;;;;;
0.057;0.66;0.32;0.007;0.008;48;2;23;65;469;0.03;5.43;0.005;5;0.03;5;-70;98;A5Ni;;;;;;;;;;;;;;;;;;;;
0.058;0.62;0.30;0.007;0.007;107;2;24;60;412;0.03;5.38;0.005;5;0.03;5;-70;114;A5Ni;;;;;;;;;;;;;;;;;;;;
0.063;0.66;0.35;0.006;0.006;177;2;25;67;340;0.03;5.48;0.005;5;0.03;5;-70;103;A5Ni;;;;;;;;;;;;;;;;;;;;
0.063;0.65;0.37;0.006;0.006;236;2;5;79;319;0.03;5.45;0.005;5;0.03;5;-70;111;A5Ni;;;;;;;;;;;;;;;;;;;;
0.056;0.24;0.37;0.008;0.006;58;2;5;52;505;0.03;5.46;0.005;5;0.03;5;-70;55;A5Ni;;;;;;;;;;;;;;;;;;;;
0.057;0.24;0.36;0.008;0.006;110;2;5;54;415;0.03;5.48;0.005;5;0.03;5;-70;88;A5Ni;;;;;;;;;;;;;;;;;;;;
0.062;0.25;0.38;0.007;0.006;190;2;5;57;356;0.03;5.37;0.005;5;0.03;5;-70;91;A5Ni;;;;;;;;;;;;;;;;;;;;
0.066;0.27;0.42;0.007;0.006;280;2;5;54;312;0.03;5.37;0.005;5;0.03;5;-70;86;A5Ni;;;;;;;;;;;;;;;;;;;;
0.068;0.70;0.38;0.006;0.007;9;2;5;39;360;0.03;4.91;0.005;5;0.03;5;-70;86;A5Ni;;;;;;;;;;;;;;;;;;;;
0.064;0.71;0.34;0.005;0.007;47;2;5;47;370;0.03;4.94;0.005;5;0.03;5;-70;102;A5Ni;;;;;;;;;;;;;;;;;;;;
0.068;0.67;0.34;0.005;0.007;110;2;5;39;344;0.03;4.99;0.005;5;0.03;5;-70;77;A5Ni;;;;;;;;;;;;;;;;;;;;
0.067;0.61;0.28;0.006;0.007;160;2;5;54;348;0.03;5.01;0.005;5;0.03;5;-70;108;A5Ni;;;;;;;;;;;;;;;;;;;;
0.070;0.69;0.33;0.004;0.007;250;2;5;57;312;0.03;4.96;0.005;5;0.03;5;-70;93;A5Ni;;;;;;;;;;;;;;;;;;;;
0.075;0.67;0.43;0.004;0.009;7;2;5;38;260;0.03;4.80;0.005;5;0.03;5;-70;94;A5Ni;;;;;;;;;;;;;;;;;;;;
0.074;0.66;0.42;0.004;0.008;70;2;5;42;255;0.03;4.90;0.005;5;0.03;5;-70;102;A5Ni;;;;;;;;;;;;;;;;;;;;
0.075;0.64;0.39;0.004;0.008;130;2;5;43;253;0.03;4.88;0.005;5;0.03;5;-70;85;A5Ni;;;;;;;;;;;;;;;;;;;;
0.068;0.64;0.32;0.004;0.009;190;2;5;47;277;0.03;4.83;0.005;5;0.03;5;-70;87;A5Ni;;;;;;;;;;;;;;;;;;;;
0.067;0.59;0.32;0.004;0.009;280;2;5;55;265;0.03;4.78;0.005;5;0.03;5;-70;124;A5Ni;;;;;;;;;;;;;;;;;;;;
0.063;0.64;0.36;0.007;0.007;5;5;5;62;479;0.03;0.03;0.005;5;0.03;5;-70;42;AB;;;;;;;;;;;;;;;;;;;;
0.065;0.66;0.36;0.008;0.009;7;30;5;73;435;0.03;0.03;0.005;5;0.03;5;-70;34;AB;;;;;;;;;;;;;;;;;;;;
0.063;0.65;0.39;0.008;0.009;3;58;5;68;453;0.03;0.03;0.005;5;0.03;5;-70;29;AB;;;;;;;;;;;;;;;;;;;;
0.068;0.68;0.36;0.009;0.008;7;99;5;77;444;0.03;0.03;0.005;5;0.03;5;-70;37;AB;;;;;;;;;;;;;;;;;;;;
0.064;0.66;0.43;0.010;0.010;9;126;5;63;527;0.03;0.03;0.005;5;0.03;5;-70;30;AB;;;;;;;;;;;;;;;;;;;;
0.066;0.69;0.40;0.008;0.008;3;171;5;70;437;0.03;0.03;0.005;5;0.03;5;-70;50;AB;;;;;;;;;;;;;;;;;;;;
0.066;0.67;0.38;0.008;0.010;34;30;5;67;539;0.03;0.03;0.005;5;0.03;5;-70;14;AB;;;;;;;;;;;;;;;;;;;;
0.062;0.68;0.45;0.009;0.010;40;67;5;62;526;0.03;0.03;0.005;5;0.03;5;-70;10;AB;;;;;;;;;;;;;;;;;;;;
0.061;0.67;0.45;0.009;0.010;42;106;5;59;522;0.03;0.03;0.005;5;0.03;5;-70;10;AB;;;;;;;;;;;;;;;;;;;;
0.065;0.66;0.48;0.008;0.010;44;144;5;64;510;0.03;0.03;0.005;5;0.03;5;-70;28;AB;;;;;;;;;;;;;;;;;;;;
0.061;0.67;0.43;0.008;0.008;45;186;5;60;485;0.03;0.03;0.005;5;0.03;5;-70;24;AB;;;;;;;;;;;;;;;;;;;;
0.070;0.65;0.32;0.008;0.008;5;2;5;68;481;0.53;0.03;0.005;5;0.03;5;-70;62;ACrTi;;;;;;;;;;;;;;;;;;;;
0.071;0.65;0.31;0.007;0.006;34;2;5;70;450;0.53;0.03;0.005;5;0.03;5;-70;15;ACrTi;;;;;;;;;;;;;;;;;;;;
0.077;0.66;0.29;0.008;0.008;80;2;5;80;409;0.54;0.03;0.005;5;0.03;5;-70;6;ACrTi;;;;;;;;;;;;;;;;;;;;
0.075;0.60;0.31;0.007;0.008;140;2;5;79;348;0.52;0.03;0.005;5;0.03;5;-70;14;ACrTi;;;;;;;;;;;;;;;;;;;;
0.071;0.63;0.37;0.006;0.009;214;2;5;75;332;0.52;0.03;0.005;5;0.03;5;-70;18;ACrTi;;;;;;;;;;;;;;;;;;;;
0.070;0.65;0.35;0.008;0.010;5;2;5;78;504;1.01;0.03;0.005;5;0.03;5;-70;21;ACrTi;;;;;;;;;;;;;;;;;;;;
0.077;0.66;0.32;0.008;0.010;34;2;5;75;457;1.03;0.03;0.005;5;0.03;5;-70;15;ACrTi;;;;;;;;;;;;;;;;;;;;
0.082;0.67;0.34;0.006;0.009;83;2;5;83;418;1.04;0.03;0.005;5;0.03;5;-70;5;ACrTi;;;;;;;;;;;;;;;;;;;;
0.079;0.64;0.37;0.006;0.010;157;2;5;89;359;1.04;0.03;0.005;5;0.03;5;-70;3;ACrTi;;;;;;;;;;;;;;;;;;;;
0.086;0.62;0.38;0.003;0.010;238;2;5;79;334;1.04;0.03;0.005;5;0.03;5;-70;12;ACrTi;;;;;;;;;;;;;;;;;;;;
0.074;0.58;0.25;0.008;0.010;4;2;5;89;500;1.59;0.03;0.005;5;0.03;5;-70;3;ACrTi;;;;;;;;;;;;;;;;;;;;
0.078;0.62;0.26;0.007;0.005;29;2;5;100;472;1.60;0.03;0.005;5;0.03;5;-70;3;ACrTi;;;;;;;;;;;;;;;;;;;;
0.076;0.62;0.28;0.007;0.009;76;2;5;110;455;1.65;0.03;0.005;5;0.03;5;-70;7;ACrTi;;;;;;;;;;;;;;;;;;;;
0.080;0.63;0.28;0.007;0.005;118;2;5;130;395;1.70;0.03;0.005;5;0.03;5;-70;3;ACrTi;;;;;;;;;;;;;;;;;;;;
0.082;0.63;0.33;0.006;0.007;170;2;5;120;350;1.70;0.03;0.005;5;0.03;5;-70;5;ACrTi;;;;;;;;;;;;;;;;;;;;
0.078;0.64;0.28;0.008;0.007;42;2;5;95;482;2.15;0.03;0.005;5;0.03;5;-70;10;ACrTi;;;;;;;;;;;;;;;;;;;;
0.080;0.68;0.32;0.007;0.008;78;2;5;96;426;2.00;0.03;0.005;5;0.03;5;-70;2;ACrTi;;;;;;;;;;;;;;;;;;;;
0.088;0.67;0.34;0.007;0.008;140;2;5;99;361;2.05;0.03;0.005;5;0.03;5;-70;3;ACrTi;;;;;;;;;;;;;;;;;;;;
0.083;0.66;0.37;0.007;0.007;220;2;5;99;340;1.99;0.03;0.005;5;0.03;5;-70;4;ACrTi;;;;;;;;;;;;;;;;;;;;
0.073;0.64;0.34;0.008;0.007;7;2;5;63;450;0.03;0.03;0.005;5;0.03;5;-70;29;ACuTi;;;;;;;;;;;;;;;;;;;;
0.073;0.64;0.35;0.005;0.004;38;2;5;77;428;0.03;0.03;0.005;5;0.03;5;-70;27;ACuTi;;;;;;;;;;;;;;;;;;;;
0.074;0.67;0.35;0.008;0.007;95;2;5;73;384;0.03;0.03;0.005;5;0.03;5;-70;11;ACuTi;;;;;;;;;;;;;;;;;;;;
0.078;0.68;0.38;0.009;0.007;160;2;5;69;340;0.03;0.03;0.005;5;0.03;5;-70;12;ACuTi;;;;;;;;;;;;;;;;;;;;
0.079;0.73;0.44;0.006;0.008;240;2;5;69;290;0.03;0.03;0.005;5;0.03;5;-70;9;ACuTi;;;;;;;;;;;;;;;;;;;;
0.068;0.62;0.28;0.008;0.007;5;2;5;73;477;0.03;0.03;0.005;5;0.50;5;-70;81;ACuTi;;;;;;;;;;;;;;;;;;;;
0.063;0.64;0.30;0.008;0.008;43;2;5;74;453;0.03;0.03;0.005;5;0.53;5;-70;74;ACuTi;;;;;;;;;;;;;;;;;;;;
0.065;0.64;0.31;0.007;0.008;98;2;5;83;390;0.03;0.03;0.005;5;0.51;5;-70;34;ACuTi;;;;;;;;;;;;;;;;;;;;
0.069;0.63;0.32;0.007;0.010;170;2;5;70;369;0.03;0.03;0.005;5;0.49;5;-70;40;ACuTi;;;;;;;;;;;;;;;;;;;;
0.074;0.62;0.34;0.005;0.009;220;2;5;75;330;0.03;0.03;0.005;5;0.49;5;-70;37;ACuTi;;;;;;;;;;;;;;;;;;;;
0.065;0.62;0.30;0.007;0.009;4;2;5;72;519;0.03;0.03;0.005;5;1.03;5;-70;64;ACuTi;;;;;;;;;;;;;;;;;;;;
0.064;0.63;0.30;0.007;0.007;42;2;5;65;456;0.03;0.03;0.005;5;1.05;5;-70;78;ACuTi;;;;;;;;;;;;;;;;;;;;
0.068;0.63;0.30;0.007;0.007;100;2;5;63;454;0.03;0.03;0.005;5;1.05;5;-70;56;ACuTi;;;;;;;;;;;;;;;;;;;;
0.067;0.62;0.31;0.006;0.007;180;2;5;72;369;0.03;0.03;0.005;5;1.03;5;-70;34;ACuTi;;;;;;;;;;;;;;;;;;;;
0.070;0.61;0.36;0.006;0.009;290;2;5;65;349;0.03;0.03;0.005;5;1.02;5;-70;51;ACuTi;;;;;;;;;;;;;;;;;;;;
0.066;0.67;0.37;0.006;0.008;51;2;5;55;453;0.03;0.03;0.005;5;1.44;5;-70;43;ACuTi;;;;;;;;;;;;;;;;;;;;
0.069;0.66;0.33;0.006;0.008;108;2;5;61;417;0.03;0.03;0.005;5;1.50;5;-70;18;ACuTi;;;;;;;;;;;;;;;;;;;;
0.069;0.60;0.27;0.006;0.007;140;2;5;62;360;0.03;0.03;0.005;5;1.64;5;-70;18;ACuTi;;;;;;;;;;;;;;;;;;;;
0.071;0.62;0.35;0.005;0.006;250;2;5;69;315;0.03;0.03;0.005;5;1.55;5;-70;24;ACuTi;;;;;;;;;;;;;;;;;;;;
0.060;0.63;0.25;0.007;0.008;2;2;5;59;515;0.03;0.03;0.005;5;2.00;5;-70;10;ACuTi;;;;;;;;;;;;;;;;;;;;
0.061;0.65;0.25;0.007;0.008;39;2;5;66;514;0.03;0.03;0.005;5;2.02;5;-70;18;ACuTi;;;;;;;;;;;;;;;;;;;;
0.067;0.65;0.25;0.008;0.007;100;2;5;65;442;0.03;0.03;0.005;5;2.02;5;-70;10;ACuTi;;;;;;;;;;;;;;;;;;;;
0.070;0.66;0.29;0.006;0.008;180;2;5;65;388;0.03;0.03;0.005;5;2.03;5;-70;11;ACuTi;;;;;;;;;;;;;;;;;;;;
0.073;0.64;0.34;0.006;0.007;300;2;5;67;358;0.03;0.03;0.005;5;2.04;5;-70;4;ACuTi;;;;;;;;;;;;;;;;;;;;
0.069;1.36;0.30;0.007;0.009;37;2;5;68;432;0.03;0.03;0.005;5;0.03;5;-70;110;AlN;;;;;;;;;;;;;;;;;;;;
0.073;1.39;0.33;0.007;0.008;39;2;20;66;427;0.03;0.03;0.005;5;0.03;5;-70;98;AlN;;;;;;;;;;;;;;;;;;;;
0.078;1.39;0.32;0.007;0.009;42;2;44;66;436;0.03;0.03;0.005;5;0.03;5;-70;66;AlN;;;;;;;;;;;;;;;;;;;;
0.080;1.41;0.33;0.006;0.009;43;2;78;55;432;0.03;0.03;0.005;5;0.03;5;-70;41;AlN;;;;;;;;;;;;;;;;;;;;
0.080;1.42;0.37;0.006;0.009;43;2;120;54;439;0.03;0.03;0.005;5;0.03;5;-70;53;AlN;;;;;;;;;;;;;;;;;;;;
0.076;1.36;0.37;0.005;0.009;36;2;190;53;422;0.03;0.03;0.005;5;0.03;5;-70;43;AlN;;;;;;;;;;;;;;;;;;;;
0.078;1.31;0.44;0.005;0.008;36;2;340;50;431;0.03;0.03;0.005;5;0.03;5;-70;74;AlN;;;;;;;;;;;;;;;;;;;;
0.076;1.30;0.51;0.005;0.008;43;2;490;48;423;0.03;0.03;0.005;5;0.03;5;-70;68;AlN;;;;;;;;;;;;;;;;;;;;
0.079;1.32;0.57;0.004;0.008;38;2;610;52;422;0.03;0.03;0.005;5;0.03;5;-70;33;AlN;;;;;;;;;;;;;;;;;;;;
0.069;1.35;0.32;0.010;0.006;30;2;5;149;443;0.03;0.03;0.005;5;0.03;5;-70;25;AlN;;;;;;;;;;;;;;;;;;;;
0.070;1.40;0.32;0.009;0.007;37;2;69;159;450;0.03;0.03;0.005;5;0.03;5;-70;13;AlN;;;;;;;;;;;;;;;;;;;;
0.069;1.37;0.38;0.008;0.007;33;2;140;141;449;0.03;0.03;0.005;5;0.03;5;-70;16;AlN;;;;;;;;;;;;;;;;;;;;
0.073;1.29;0.47;0.006;0.005;31;2;280;133;482;0.03;0.03;0.005;5;0.03;5;-70;15;AlN;;;;;;;;;;;;;;;;;;;;
0.072;1.32;0.50;0.006;0.006;32;2;444;132;409;0.03;0.03;0.005;5;0.03;5;-70;13;AlN;;;;;;;;;;;;;;;;;;;;
0.070;1.30;0.54;0.005;0.006;29;2;580;119;431;0.03;0.03;0.005;5;0.03;5;-70;21;AlN;;;;;;;;;;;;;;;;;;;;
0.070;1.39;0.28;0.009;0.010;31;2;2;242;454;0.03;0.03;0.005;5;0.03;5;-70;4;AlN;;;;;;;;;;;;;;;;;;;;
0.070;1.41;0.35;0.007;0.007;38;2;84;214;442;0.03;0.03;0.005;5;0.03;5;-70;9;AlN;;;;;;;;;;;;;;;;;;;;
0.070;1.37;0.39;0.007;0.009;32;2;210;202;475;0.03;0.03;0.005;5;0.03;5;-70;10;AlN;;;;;;;;;;;;;;;;;;;;
0.070;1.36;0.42;0.006;0.007;36;2;380;200;463;0.03;0.03;0.005;5;0.03;5;-70;10;AlN;;;;;;;;;;;;;;;;;;;;
0.076;1.42;0.49;0.005;0.010;55;2;470;191;364;0.03;0.03;0.005;5;0.03;5;-70;10;AlN;;;;;;;;;;;;;;;;;;;;
0.070;1.40;0.54;0.005;0.009;44;2;670;195;362;0.03;0.03;0.005;5;0.03;5;-70;26;AlN;;;;;;;;;;;;;;;;;;;;
0.069;1.36;0.30;0.007;0.009;37;2;5;68;432;0.03;0.03;0.005;5;0.03;5;-70;110;AlO;;;;;;;;;;;;;;;;;;;;
0.073;1.39;0.33;0.007;0.008;39;2;20;66;427;0.03;0.03;0.005;5;0.03;5;-70;98;AlO;;;;;;;;;;;;;;;;;;;;
0.078;1.39;0.32;0.007;0.009;42;2;44;66;436;0.03;0.03;0.005;5;0.03;5;-70;66;AlO;;;;;;;;;;;;;;;;;;;;
0.080;1.41;0.33;0.006;0.009;43;2;78;55;432;0.03;0.03;0.005;5;0.03;5;-70;41;AlO;;;;;;;;;;;;;;;;;;;;
0.080;1.42;0.37;0.006;0.009;43;2;120;54;439;0.03;0.03;0.005;5;0.03;5;-70;53;AlO;;;;;;;;;;;;;;;;;;;;
0.076;1.36;0.37;0.005;0.009;36;2;190;53;422;0.03;0.03;0.005;5;0.03;5;-70;43;AlO;;;;;;;;;;;;;;;;;;;;
0.078;1.31;0.44;0.005;0.008;36;2;340;50;431;0.03;0.03;0.005;5;0.03;5;-70;74;AlO;;;;;;;;;;;;;;;;;;;;
0.076;1.30;0.51;0.005;0.008;43;2;490;48;423;0.03;0.03;0.005;5;0.03;5;-70;68;AlO;;;;;;;;;;;;;;;;;;;;
0.079;1.32;0.57;0.004;0.008;38;2;610;52;422;0.03;0.03;0.005;5;0.03;5;-70;33;AlO;;;;;;;;;;;;;;;;;;;;
0.074;1.48;0.35;0.006;0.007;34;2;5;75;400;0.03;0.03;0.005;5;0.03;5;-70;97;AlO;;;;;;;;;;;;;;;;;;;;
0.077;1.50;0.37;0.005;0.007;53;2;69;67;406;0.03;0.03;0.005;5;0.03;5;-70;57;AlO;;;;;;;;;;;;;;;;;;;;
0.079;1.44;0.44;0.005;0.007;42;2;160;52;410;0.03;0.03;0.005;5;0.03;5;-70;64;AlO;;;;;;;;;;;;;;;;;;;;
0.078;1.39;0.53;0.005;0.007;45;2;280;52;411;0.03;0.03;0.005;5;0.03;5;-70;64;AlO;;;;;;;;;;;;;;;;;;;;
0.077;1.40;0.61;0.004;0.008;52;2;430;45;390;0.03;0.03;0.005;5;0.03;5;-70;48;AlO;;;;;;;;;;;;;;;;;;;;
0.075;1.35;0.67;0.004;0.007;49;2;480;48;391;0.03;0.03;0.005;5;0.03;5;-70;44;AlO;;;;;;;;;;;;;;;;;;;;
0.077;1.52;0.34;0.005;0.006;33;2;4;65;324;0.03;0.03;0.005;5;0.03;5;-70;125;AlO;;;;;;;;;;;;;;;;;;;;
0.082;1.44;0.36;0.004;0.006;39;2;49;57;329;0.03;0.03;0.005;5;0.03;5;-70;82;AlO;;;;;;;;;;;;;;;;;;;;
0.084;1.39;0.42;0.004;0.006;44;2;95;48;339;0.03;0.03;0.005;5;0.03;5;-70;114;AlO;;;;;;;;;;;;;;;;;;;;
0.082;1.35;0.47;0.005;0.006;44;2;150;46;345;0.03;0.03;0.005;5;0.03;5;-70;129;AlO;;;;;;;;;;;;;;;;;;;;
0.086;1.30;0.50;0.004;0.007;32;2;240;56;334;0.03;0.03;0.005;5;0.03;5;-70;74;AlO;;;;;;;;;;;;;;;;;;;;
0.087;1.28;0.58;0.004;0.006;32;2;350;51;346;0.03;0.03;0.005;5;0.03;5;-70;48;AlO;;;;;;;;;;;;;;;;;;;;
0.074;1.51;0.35;0.004;0.009;28;2;5;54;331;0.03;0.03;0.005;5;0.03;5;-70;154;AlO;;;;;;;;;;;;;;;;;;;;
0.077;1.34;0.39;0.004;0.011;30;2;65;49;307;0.03;0.03;0.005;5;0.03;5;-70;114;AlO;;;;;;;;;;;;;;;;;;;;
0.083;1.35;0.47;0.004;0.011;30;2;120;49;300;0.03;0.03;0.005;5;0.03;5;-70;150;AlO;;;;;;;;;;;;;;;;;;;;
0.094;1.25;0.46;0.004;0.010;30;2;150;53;327;0.03;0.03;0.005;5;0.03;5;-70;149;AlO;;;;;;;;;;;;;;;;;;;;
0.080;1.26;0.46;0.004;0.011;25;2;170;50;316;0.03;0.03;0.005;5;0.03;5;-70;122;AlO;;;;;;;;;;;;;;;;;;;;
0.103;1.34;0.61;0.004;0.009;51;2;220;41;288;0.03;0.03;0.005;5;0.03;5;-70;75;AlO;;;;;;;;;;;;;;;;;;;;
0.069;1.36;0.30;0.007;0.009;37;2;5;68;432;0.03;0.03;0.006;4;0.03;5;-70;110;Al;;;;;;;;;;;;;;;;;;;;
0.073;1.39;0.33;0.007;0.008;39;2;20;66;427;0.03;0.03;0.006;4;0.03;5;-70;98;Al;;;;;;;;;;;;;;;;;;;;
0.078;1.39;0.32;0.007;0.009;42;2;44;66;436;0.03;0.03;0.006;4;0.03;5;-70;66;Al;;;;;;;;;;;;;;;;;;;;
0.080;1.41;0.33;0.006;0.009;43;2;78;55;432;0.03;0.03;0.006;3;0.03;5;-70;41;Al;;;;;;;;;;;;;;;;;;;;
0.080;1.42;0.37;0.006;0.009;43;2;120;54;439;0.03;0.03;0.006;3;0.03;5;-70;53;Al;;;;;;;;;;;;;;;;;;;;
0.076;1.36;0.37;0.005;0.009;36;2;190;53;422;0.03;0.03;0.006;4;0.03;5;-70;43;Al;;;;;;;;;;;;;;;;;;;;
0.078;1.31;0.44;0.005;0.008;36;2;340;50;431;0.03;0.03;0.006;4;0.03;5;-70;74;Al;;;;;;;;;;;;;;;;;;;;
0.076;1.30;0.51;0.005;0.008;43;2;490;48;423;0.03;0.03;0.006;4;0.03;5;-70;68;Al;;;;;;;;;;;;;;;;;;;;
0.079;1.32;0.57;0.004;0.008;38;2;610;52;422;0.03;0.03;0.006;4;0.03;5;-70;33;Al;;;;;;;;;;;;;;;;;;;;
0.069;1.49;0.43;0.004;0.005;460;2;1;77;294;0.03;0.03;0.005;5;0.03;5;-70;49;AlTiN;;;;;;;;;;;;;;;;;;;;
0.071;1.44;0.36;0.007;0.005;460;2;67;94;373;0.03;0.03;0.005;5;0.03;5;-70;26;AlTiN;;;;;;;;;;;;;;;;;;;;
0.071;1.39;0.42;0.007;0.005;420;2;150;65;446;0.03;0.03;0.005;5;0.03;5;-70;36;AlTiN;;;;;;;;;;;;;;;;;;;;
0.071;1.44;0.52;0.005;0.005;460;2;300;67;466;0.03;0.03;0.005;5;0.03;5;-70;18;AlTiN;;;;;;;;;;;;;;;;;;;;
0.069;1.41;0.54;0.005;0.005;460;2;420;58;439;0.03;0.03;0.005;5;0.03;5;-70;15;AlTiN;;;;;;;;;;;;;;;;;;;;
0.067;1.40;0.57;0.005;0.005;450;2;500;60;451;0.03;0.03;0.005;5;0.03;5;-70;38;AlTiN;;;;;;;;;;;;;;;;;;;;
0.066;1.48;0.47;0.007;0.005;410;2;2;164;285;0.03;0.03;0.005;5;0.03;5;-70;34;AlTiN;;;;;;;;;;;;;;;;;;;;
0.073;1.40;0.49;0.004;0.005;420;2;46;183;375;0.03;0.03;0.005;5;0.03;5;-70;25;AlTiN;;;;;;;;;;;;;;;;;;;;
0.067;1.32;0.56;0.004;0.005;410;2;130;160;421;0.03;0.03;0.005;5;0.03;5;-70;12;AlTiN;;;;;;;;;;;;;;;;;;;;
0.064;1.42;0.64;0.004;0.005;420;2;250;148;439;0.03;0.03;0.005;5;0.03;5;-70;15;AlTiN;;;;;;;;;;;;;;;;;;;;
0.068;1.39;0.69;0.004;0.005;410;2;380;149;423;0.03;0.03;0.005;5;0.03;5;-70;8;AlTiN;;;;;;;;;;;;;;;;;;;;
0.065;1.46;0.72;0.006;0.005;490;2;590;147;433;0.03;0.03;0.005;5;0.03;5;-70;50;AlTiN;;;;;;;;;;;;;;;;;;;;
0.068;1.46;0.47;0.007;0.005;450;2;7;249;297;0.03;0.03;0.005;5;0.03;5;-70;20;AlTiN;;;;;;;;;;;;;;;;;;;;
0.066;1.32;0.50;0.008;0.005;440;2;52;239;351;0.03;0.03;0.005;5;0.03;5;-70;3;AlTiN;;;;;;;;;;;;;;;;;;;;
0.064;1.36;0.57;0.007;0.005;400;2;133;243;388;0.03;0.03;0.005;5;0.03;5;-70;6;AlTiN;;;;;;;;;;;;;;;;;;;;
0.063;1.47;0.65;0.007;0.005;440;2;279;248;416;0.03;0.03;0.005;5;0.03;5;-70;4;AlTiN;;;;;;;;;;;;;;;;;;;;
0.066;1.45;0.70;0.006;0.005;410;2;370;242;411;0.03;0.03;0.005;5;0.03;5;-70;3;AlTiN;;;;;;;;;;;;;;;;;;;;
0.066;1.39;0.56;0.004;0.005;450;2;540;250;383;0.03;0.03;0.005;5;0.03;5;-70;13;AlTiN;;;;;;;;;;;;;;;;;;;;
0.074;1.49;0.29;0.006;0.013;5;2;6;72;471;0.03;0.03;0.005;5;0.03;5;-70;3;AlTi;;;;;;;;;;;;;;;;;;;;
0.081;1.43;0.29;0.006;0.013;5;2;60;54;461;0.03;0.03;0.005;5;0.03;5;-70;3;AlTi;;;;;;;;;;;;;;;;;;;;
0.076;1.36;0.34;0.005;0.011;5;2;150;57;476;0.03;0.03;0.005;5;0.03;5;-70;18;AlTi;;;;;;;;;;;;;;;;;;;;
0.079;1.37;0.39;0.005;0.011;5;2;250;47;446;0.03;0.03;0.005;5;0.03;5;-70;10;AlTi;;;;;;;;;;;;;;;;;;;;
0.078;1.40;0.44;0.004;0.011;5;2;420;44;436;0.03;0.03;0.005;5;0.03;5;-70;14;AlTi;;;;;;;;;;;;;;;;;;;;
0.081;1.42;0.48;0.004;0.006;4;2;660;46;444;0.03;0.03;0.005;5;0.03;5;-70;37;AlTi;;;;;;;;;;;;;;;;;;;;
0.069;1.36;0.30;0.007;0.009;37;2;5;68;432;0.03;0.03;0.005;5;0.03;5;-70;110;AlTi;;;;;;;;;;;;;;;;;;;;
0.073;1.39;0.33;0.007;0.008;39;2;20;66;427;0.03;0.03;0.005;5;0.03;5;-70;98;AlTi;;;;;;;;;;;;;;;;;;;;
0.078;1.39;0.32;0.007;0.009;42;2;44;66;436;0.03;0.03;0.005;5;0.03;5;-70;66;AlTi;;;;;;;;;;;;;;;;;;;;
0.080;1.41;0.33;0.006;0.009;43;2;78;55;432;0.03;0.03;0.005;5;0.03;5;-70;41;AlTi;;;;;;;;;;;;;;;;;;;;
0.080;1.42;0.37;0.006;0.009;43;2;120;54;439;0.03;0.03;0.005;5;0.03;5;-70;53;AlTi;;;;;;;;;;;;;;;;;;;;
0.076;1.36;0.37;0.005;0.009;36;2;190;53;422;0.03;0.03;0.005;5;0.03;5;-70;43;AlTi;;;;;;;;;;;;;;;;;;;;
0.078;1.31;0.44;0.005;0.008;36;2;340;50;431;0.03;0.03;0.005;5;0.03;5;-70;74;AlTi;;;;;;;;;;;;;;;;;;;;
0.076;1.30;0.51;0.005;0.008;43;2;490;48;423;0.03;0.03;0.005;5;0.03;5;-70;68;AlTi;;;;;;;;;;;;;;;;;;;;
0.079;1.32;0.57;0.004;0.008;38;2;610;52;422;0.03;0.03;0.005;5;0.03;5;-70;33;AlTi;;;;;;;;;;;;;;;;;;;;
0.074;1.50;0.32;0.006;0.006;99;2;8;89;375;0.03;0.03;0.005;5;0.03;5;-70;34;AlTi;;;;;;;;;;;;;;;;;;;;
0.074;1.41;0.27;0.007;0.006;88;2;47;70;407;0.03;0.03;0.005;5;0.03;5;-70;10;AlTi;;;;;;;;;;;;;;;;;;;;
0.071;1.36;0.39;0.005;0.009;92;2;160;52;381;0.03;0.03;0.005;5;0.03;5;-70;26;AlTi;;;;;;;;;;;;;;;;;;;;
0.069;1.36;0.45;0.005;0.008;63;2;280;44;374;0.03;0.03;0.005;5;0.03;5;-70;19;AlTi;;;;;;;;;;;;;;;;;;;;
0.069;1.39;0.51;0.004;0.008;69;2;480;41;379;0.03;0.03;0.005;5;0.03;5;-70;27;AlTi;;;;;;;;;;;;;;;;;;;;
0.072;1.40;0.57;0.004;0.008;80;2;640;38;360;0.03;0.03;0.005;5;0.03;5;-70;26;AlTi;;;;;;;;;;;;;;;;;;;;
0.081;1.54;0.34;0.007;0.008;180;2;3;80;312;0.03;0.03;0.005;5;0.03;5;-70;23;AlTi;;;;;;;;;;;;;;;;;;;;
0.072;1.32;0.24;0.006;0.008;180;2;47;68;397;0.03;0.03;0.005;5;0.03;5;-70;6;AlTi;;;;;;;;;;;;;;;;;;;;
0.072;1.33;0.34;0.006;0.008;190;2;150;57;427;0.03;0.03;0.005;5;0.03;5;-70;15;AlTi;;;;;;;;;;;;;;;;;;;;
0.074;1.36;0.41;0.005;0.005;260;2;320;49;418;0.03;0.03;0.005;5;0.03;5;-70;22;AlTi;;;;;;;;;;;;;;;;;;;;
0.066;1.41;0.46;0.004;0.009;240;2;440;49;407;0.03;0.03;0.005;5;0.03;5;-70;24;AlTi;;;;;;;;;;;;;;;;;;;;
0.066;1.33;0.44;0.004;0.008;240;2;680;49;454;0.03;0.03;0.005;5;0.03;5;-70;50;AlTi;;;;;;;;;;;;;;;;;;;;
0.069;1.49;0.43;0.004;0.005;460;2;1;77;294;0.03;0.03;0.005;5;0.03;5;-70;49;AlTi;;;;;;;;;;;;;;;;;;;;
0.071;1.44;0.36;0.007;0.005;460;2;67;94;373;0.03;0.03;0.005;5;0.03;5;-70;26;AlTi;;;;;;;;;;;;;;;;;;;;
0.071;1.39;0.42;0.007;0.005;420;2;150;65;446;0.03;0.03;0.005;5;0.03;5;-70;36;AlTi;;;;;;;;;;;;;;;;;;;;
0.071;1.44;0.52;0.005;0.005;460;2;300;67;466;0.03;0.03;0.005;5;0.03;5;-70;18;AlTi;;;;;;;;;;;;;;;;;;;;
0.069;1.41;0.54;0.005;0.005;460;2;420;58;439;0.03;0.03;0.005;5;0.03;5;-70;15;AlTi;;;;;;;;;;;;;;;;;;;;
0.067;1.40;0.57;0.005;0.005;450;2;500;60;451;0.03;0.03;0.005;5;0.03;5;-70;38;AlTi;;;;;;;;;;;;;;;;;;;;
0.073;0.64;0.34;0.008;0.007;7;2;5;63;450;0.03;0.03;0.005;5;0.03;5;-70;29;AMoTi;;;;;;;;;;;;;;;;;;;;
0.073;0.64;0.35;0.005;0.004;38;2;5;77;428;0.03;0.03;0.005;5;0.03;5;-70;27;AMoTi;;;;;;;;;;;;;;;;;;;;
0.074;0.67;0.35;0.008;0.007;95;2;5;73;384;0.03;0.03;0.005;5;0.03;5;-70;11;AMoTi;;;;;;;;;;;;;;;;;;;;
0.078;0.68;0.38;0.009;0.007;160;2;5;69;340;0.03;0.03;0.005;5;0.03;5;-70;12;AMoTi;;;;;;;;;;;;;;;;;;;;
0.079;0.73;0.44;0.006;0.008;240;2;5;69;290;0.03;0.03;0.005;5;0.03;5;-70;9;AMoTi;;;;;;;;;;;;;;;;;;;;
0.073;0.66;0.31;0.006;0.008;5;2;5;79;430;0.03;0.03;0.240;5;0.03;5;-70;76;AMoTi;;;;;;;;;;;;;;;;;;;;
0.069;0.68;0.33;0.006;0.008;36;2;5;67;395;0.03;0.03;0.240;5;0.03;5;-70;62;AMoTi;;;;;;;;;;;;;;;;;;;;
0.070;0.66;0.31;0.005;0.007;87;2;5;66;364;0.03;0.03;0.240;5;0.03;5;-70;15;AMoTi;;;;;;;;;;;;;;;;;;;;
0.073;0.68;0.37;0.005;0.008;180;2;5;68;318;0.03;0.03;0.230;5;0.03;5;-70;10;AMoTi;;;;;;;;;;;;;;;;;;;;
0.078;0.73;0.42;0.005;0.009;220;2;5;70;276;0.03;0.03;0.230;5;0.03;5;-70;11;AMoTi;;;;;;;;;;;;;;;;;;;;
0.077;0.66;0.30;0.007;0.007;5;2;5;74;454;0.03;0.03;0.500;5;0.03;5;-70;39;AMoTi;;;;;;;;;;;;;;;;;;;;
0.073;0.66;0.34;0.007;0.007;42;2;5;70;433;0.03;0.03;0.500;5;0.03;5;-70;12;AMoTi;;;;;;;;;;;;;;;;;;;;
0.074;0.67;0.33;0.007;0.007;94;2;5;71;392;0.03;0.03;0.510;5;0.03;5;-70;9;AMoTi;;;;;;;;;;;;;;;;;;;;
0.079;0.70;0.39;0.006;0.007;170;2;5;67;322;0.03;0.03;0.510;5;0.03;5;-70;10;AMoTi;;;;;;;;;;;;;;;;;;;;
0.083;0.72;0.44;0.005;0.006;270;2;5;72;278;0.03;0.03;0.500;5;0.03;5;-70;15;AMoTi;;;;;;;;;;;;;;;;;;;;
0.075;0.63;0.30;0.008;0.008;5;2;5;80;438;0.03;0.03;1.030;5;0.03;5;-70;20;AMoTi;;;;;;;;;;;;;;;;;;;;
0.072;0.66;0.32;0.007;0.007;40;2;5;76;411;0.03;0.03;1.030;5;0.03;5;-70;22;AMoTi;;;;;;;;;;;;;;;;;;;;
0.075;0.67;0.32;0.007;0.007;95;2;5;78;383;0.03;0.03;1.010;5;0.03;5;-70;8;AMoTi;;;;;;;;;;;;;;;;;;;;
0.080;0.69;0.38;0.007;0.006;170;2;5;83;307;0.03;0.03;1.020;5;0.03;5;-70;10;AMoTi;;;;;;;;;;;;;;;;;;;;
0.081;0.71;0.45;0.006;0.007;280;2;5;78;262;0.03;0.03;1.030;5;0.03;5;-70;9;AMoTi;;;;;;;;;;;;;;;;;;;;
0.073;0.64;0.34;0.008;0.007;7;2;5;63;450;0.03;0.03;0.005;5;0.03;5;-70;29;ANiTi;;;;;;;;;;;;;;;;;;;;
0.073;0.64;0.35;0.005;0.004;38;2;5;77;428;0.03;0.03;0.005;5;0.03;5;-70;27;ANiTi;;;;;;;;;;;;;;;;;;;;
0.074;0.67;0.35;0.008;0.007;95;2;5;73;384;0.03;0.03;0.005;5;0.03;5;-70;11;ANiTi;;;;;;;;;;;;;;;;;;;;
0.078;0.68;0.38;0.009;0.007;160;2;5;69;340;0.03;0.03;0.005;5;0.03;5;-70;12;ANiTi;;;;;;;;;;;;;;;;;;;;
0.079;0.73;0.44;0.006;0.008;240;2;6;69;290;0.03;0.03;0.005;5;0.03;5;-70;9;ANiTi;;;;;;;;;;;;;;;;;;;;
0.064;0.63;0.30;0.006;0.008;5;2;7;86;473;0.03;0.92;0.005;5;0.03;5;-70;81;ANiTi;;;;;;;;;;;;;;;;;;;;
0.063;0.65;0.31;0.006;0.009;38;2;8;91;472;0.03;0.88;0.005;5;0.03;5;-70;80;ANiTi;;;;;;;;;;;;;;;;;;;;
0.067;0.64;0.34;0.006;0.008;96;2;9;79;409;0.03;0.87;0.005;5;0.03;5;-70;34;ANiTi;;;;;;;;;;;;;;;;;;;;
0.070;0.67;0.34;0.005;0.008;165;2;10;79;342;0.03;0.89;0.005;5;0.03;5;-70;26;ANiTi;;;;;;;;;;;;;;;;;;;;
0.070;0.66;0.40;0.005;0.010;240;2;11;75;310;0.03;0.89;0.005;5;0.03;5;-70;31;ANiTi;;;;;;;;;;;;;;;;;;;;
0.065;0.61;0.26;0.007;0.007;5;2;12;72;488;0.03;2.14;0.005;5;0.03;5;-70;87;ANiTi;;;;;;;;;;;;;;;;;;;;
0.064;0.61;0.27;0.007;0.007;32;2;13;72;454;0.03;2.17;0.005;5;0.03;5;-70;131;ANiTi;;;;;;;;;;;;;;;;;;;;
0.064;0.60;0.27;0.006;0.007;80;2;14;64;427;0.03;2.13;0.005;5;0.03;5;-70;113;ANiTi;;;;;;;;;;;;;;;;;;;;
0.070;0.64;0.31;0.006;0.007;150;2;15;68;345;0.03;2.10;0.005;5;0.03;5;-70;106;ANiTi;;;;;;;;;;;;;;;;;;;;
0.074;0.63;0.36;0.006;0.006;220;2;16;70;307;0.03;2.04;0.005;5;0.03;5;-70;92;ANiTi;;;;;;;;;;;;;;;;;;;;
0.062;0.62;0.29;0.007;0.007;6;2;17;72;500;0.03;3.01;0.005;5;0.03;5;-70;90;ANiTi;;;;;;;;;;;;;;;;;;;;
0.057;0.65;0.30;0.007;0.007;36;2;18;72;460;0.03;3.03;0.005;5;0.03;5;-70;128;ANiTi;;;;;;;;;;;;;;;;;;;;
0.059;0.63;0.31;0.007;0.007;82;2;19;64;426;0.03;3.00;0.005;5;0.03;5;-70;112;ANiTi;;;;;;;;;;;;;;;;;;;;
0.065;0.65;0.35;0.007;0.006;150;2;20;68;384;0.03;3.00;0.005;5;0.03;5;-70;116;ANiTi;;;;;;;;;;;;;;;;;;;;
0.069;0.67;0.39;0.006;0.011;220;2;21;70;328;0.03;2.96;0.005;5;0.03;5;-70;115;ANiTi;;;;;;;;;;;;;;;;;;;;
0.054;0.66;0.31;0.007;0.007;8;2;22;58;495;0.03;5.37;0.005;5;0.03;5;-70;89;ANiTi;;;;;;;;;;;;;;;;;;;;
0.057;0.66;0.32;0.007;0.008;48;2;23;65;469;0.03;5.43;0.005;5;0.03;5;-70;98;ANiTi;;;;;;;;;;;;;;;;;;;;
0.058;0.62;0.30;0.007;0.007;107;2;24;60;412;0.03;5.38;0.005;5;0.03;5;-70;114;ANiTi;;;;;;;;;;;;;;;;;;;;
0.063;0.66;0.35;0.006;0.006;177;2;25;67;340;0.03;5.48;0.005;5;0.03;5;-70;103;ANiTi;;;;;;;;;;;;;;;;;;;;
0.063;0.65;0.37;0.006;0.007;236;2;5;79;318;0.03;5.45;0.005;5;0.03;5;-70;111;ANiTi;;;;;;;;;;;;;;;;;;;;
0.063;0.64;0.36;0.007;0.007;5;2;5;62;479;0.03;0.03;0.005;5;0.03;5;-70;42;ACoNb;;;;;;;;;;;;;;;;;;;;
0.061;0.64;0.35;0.007;0.011;5;2;5;71;489;0.03;0.03;0.005;5;0.03;92;-70;21;ACoNb;;;;;;;;;;;;;;;;;;;;
0.061;0.66;0.34;0.007;0.008;5;2;5;66;483;0.03;0.03;0.005;5;0.03;210;-70;24;ACoNb;;;;;;;;;;;;;;;;;;;;
0.064;0.66;0.32;0.008;0.009;5;2;5;73;500;0.03;0.03;0.005;5;0.03;430;-70;5;ACoNb;;;;;;;;;;;;;;;;;;;;
0.062;0.67;0.33;0.008;0.011;5;2;5;77;497;0.03;0.03;0.005;5;0.03;900;-70;7;ACoNb;;;;;;;;;;;;;;;;;;;;
0.070;1.59;0.33;0.006;0.007;5;2;5;93;448;0.03;0.03;0.005;5;0.03;5;-70;11;ACoNb;;;;;;;;;;;;;;;;;;;;
0.070;1.54;0.31;0.007;0.008;5;2;5;83;443;0.03;0.03;0.005;5;0.03;120;-70;27;ACoNb;;;;;;;;;;;;;;;;;;;;
0.070;1.55;0.30;0.007;0.008;5;2;5;100;453;0.03;0.03;0.005;5;0.03;240;-70;27;ACoNb;;;;;;;;;;;;;;;;;;;;
0.069;1.57;0.30;0.007;0.008;5;2;5;74;459;0.03;0.03;0.005;5;0.03;460;-70;19;ACoNb;;;;;;;;;;;;;;;;;;;;
0.068;1.56;0.31;0.007;0.009;5;2;5;75;422;0.03;0.03;0.005;5;0.03;960;-70;10;ACoNb;;;;;;;;;;;;;;;;;;;;
0.063;0.64;0.36;0.007;0.007;5;2;5;62;479;0.03;0.03;0.005;5;0.03;5;-70;42;ACoV;;;;;;;;;;;;;;;;;;;;
0.065;0.65;0.32;0.008;0.008;5;2;5;57;449;0.03;0.03;0.005;190;0.03;5;-70;46;ACoV;;;;;;;;;;;;;;;;;;;;
0.063;0.67;0.30;0.007;0.008;5;2;5;81;459;0.03;0.03;0.005;400;0.03;5;-70;38;ACoV;;;;;;;;;;;;;;;;;;;;
0.064;0.64;0.32;0.007;0.008;5;2;5;78;469;0.03;0.03;0.005;590;0.03;5;-70;38;ACoV;;;;;;;;;;;;;;;;;;;;
0.065;0.65;0.32;0.007;0.008;5;2;5;72;463;0.03;0.03;0.005;790;0.03;5;-70;28;ACoV;;;;;;;;;;;;;;;;;;;;
0.068;1.46;0.29;0.007;0.009;5;2;5;69;435;0.03;0.03;0.005;250;0.03;5;-70;32;ACoV;;;;;;;;;;;;;;;;;;;;
0.067;1.47;0.29;0.007;0.008;5;2;5;74;430;0.03;0.03;0.005;410;0.03;5;-70;47;ACoV;;;;;;;;;;;;;;;;;;;;
0.068;1.48;0.30;0.007;0.009;5;2;5;70;421;0.03;0.03;0.005;610;0.03;5;-70;66;ACoV;;;;;;;;;;;;;;;;;;;;
0.064;1.46;0.29;0.006;0.009;5;2;5;80;457;0.03;0.03;0.005;830;0.03;5;-70;40;ACoV;;;;;;;;;;;;;;;;;;;;
0.073;0.64;0.34;0.008;0.007;7;2;5;63;450;0.03;0.03;0.005;5;0.03;5;-70;42;AoPlus;;;;;;;;;;;;;;;;;;;;
0.064;0.63;0.30;0.006;0.008;5;2;5;70;473;0.03;0.92;0.005;5;0.03;5;-70;81;AoPlus;;;;;;;;;;;;;;;;;;;;
0.065;0.61;0.26;0.007;0.007;5;2;5;86;488;0.03;2.14;0.005;5;0.03;5;-70;87;AoPlus;;;;;;;;;;;;;;;;;;;;
0.062;0.62;0.29;0.007;0.007;6;2;5;72;500;0.03;3.01;0.005;5;0.03;5;-70;90;AoPlus;;;;;;;;;;;;;;;;;;;;
0.070;0.66;0.31;0.006;0.008;5;2;5;79;430;0.03;0.03;0.240;5;0.03;5;-70;76;AoPlus;;;;;;;;;;;;;;;;;;;;
0.073;0.66;0.34;0.007;0.007;5;2;5;75;454;0.03;0.03;0.500;5;0.03;5;-70;39;AoPlus;;;;;;;;;;;;;;;;;;;;
0.075;0.63;0.30;0.008;0.008;5;2;5;80;438;0.03;0.03;1.030;5;0.03;5;-70;20;AoPlus;;;;;;;;;;;;;;;;;;;;
0.070;0.65;0.35;0.008;0.010;5;2;5;78;504;1.01;0.03;0.005;5;0.03;5;-70;21;AoPlus;;;;;;;;;;;;;;;;;;;;
0.074;0.58;0.25;0.008;0.010;4;2;5;89;500;1.59;0.03;0.005;5;0.03;5;-70;3;AoPlus;;;;;;;;;;;;;;;;;;;;
0.068;0.62;0.28;0.008;0.007;5;2;5;73;477;0.03;0.03;0.005;5;0.5;5;-70;81;AoPlus;;;;;;;;;;;;;;;;;;;;
0.065;0.62;0.30;0.007;0.009;4;2;5;72;519;0.03;0.03;0.005;5;1.03;5;-70;64;AoPlus;;;;;;;;;;;;;;;;;;;;
0.064;0.64;0.32;0.007;0.008;4;2;5;60;498;0.03;0.03;0.005;5;1.60;5;-70;10;AoPlus;;;;;;;;;;;;;;;;;;;;
0.073;0.64;0.34;0.008;0.007;7;2;5;63;450;0.03;0.03;0.005;5;0.03;5;-70;29;AO-Ti;;;;;;;;;;;;;;;;;;;;
0.073;0.64;0.35;0.005;0.004;38;2;5;77;428;0.03;0.03;0.005;5;0.03;5;-70;27;AO-Ti;;;;;;;;;;;;;;;;;;;;
0.074;0.67;0.35;0.008;0.007;95;2;5;73;384;0.03;0.03;0.005;5;0.03;5;-70;11;AO-Ti;;;;;;;;;;;;;;;;;;;;
0.078;0.68;0.38;0.009;0.007;160;2;5;69;340;0.03;0.03;0.005;5;0.03;5;-70;12;AO-Ti;;;;;;;;;;;;;;;;;;;;
0.079;0.73;0.44;0.006;0.008;240;2;5;69;290;0.03;0.03;0.005;5;0.03;5;-70;9;AO-Ti;;;;;;;;;;;;;;;;;;;;
0.067;0.62;0.31;0.005;0.004;5;2;5;61;389;0.03;0.03;0.005;5;0.03;5;-70;62;AO-Ti;;;;;;;;;;;;;;;;;;;;
0.068;0.63;0.29;0.005;0.005;32;2;5;67;374;0.03;0.03;0.005;5;0.03;5;-70;49;AO-Ti;;;;;;;;;;;;;;;;;;;;
0.066;0.58;0.21;0.005;0.005;75;2;5;54;363;0.03;0.03;0.005;5;0.03;5;-70;19;AO-Ti;;;;;;;;;;;;;;;;;;;;
0.066;0.56;0.21;0.004;0.005;120;2;5;63;362;0.03;0.03;0.005;5;0.03;5;-70;14;AO-Ti;;;;;;;;;;;;;;;;;;;;
0.064;0.54;0.21;0.005;0.005;150;2;5;65;352;0.03;0.03;0.005;5;0.03;5;-70;7;AO-Ti;;;;;;;;;;;;;;;;;;;;
0.070;0.59;0.37;0.004;0.005;2;2;5;45;298;0.03;0.03;0.005;5;0.03;5;-70;90;AO-Ti;;;;;;;;;;;;;;;;;;;;
0.068;0.59;0.37;0.004;0.007;51;2;5;52;283;0.03;0.03;0.005;5;0.03;5;-70;32;AO-Ti;;;;;;;;;;;;;;;;;;;;
0.053;0.56;0.27;0.003;0.005;75;2;5;52;301;0.03;0.03;0.005;5;0.03;5;-70;66;AO-Ti;;;;;;;;;;;;;;;;;;;;
0.067;0.51;0.21;0.004;0.005;110;2;5;64;307;0.03;0.03;0.005;5;0.03;5;-70;26;AO-Ti;;;;;;;;;;;;;;;;;;;;
0.065;0.48;0.20;0.003;0.004;150;2;5;59;285;0.03;0.03;0.005;5;0.03;5;-70;10;AO-Ti;;;;;;;;;;;;;;;;;;;;
0.073;0.64;0.35;0.005;0.004;38;2;5;77;428;0.03;0.03;0.005;5;0.03;5;-70;27;Aplus;;;;;;;;;;;;;;;;;;;;
0.063;0.65;0.31;0.006;0.009;38;2;5;85;472;0.03;0.88;0.005;5;0.03;5;-70;80;Aplus;;;;;;;;;;;;;;;;;;;;
0.064;0.61;0.27;0.007;0.007;32;2;5;91;454;0.03;2.17;0.005;5;0.03;5;-70;131;Aplus;;;;;;;;;;;;;;;;;;;;
0.067;0.65;0.30;0.007;0.007;36;2;5;72;460;0.03;3.03;0.005;5;0.03;5;-70;128;Aplus;;;;;;;;;;;;;;;;;;;;
0.069;0.68;0.33;0.006;0.008;36;2;5;67;395;0.03;0.03;0.240;5;0.03;5;-70;62;Aplus;;;;;;;;;;;;;;;;;;;;
0.073;0.66;0.34;0.007;0.007;42;2;5;70;433;0.03;0.03;0.500;5;0.03;5;-70;12;Aplus;;;;;;;;;;;;;;;;;;;;
0.072;0.66;0.32;0.007;0.007;40;2;5;76;411;0.03;0.03;1.030;5;0.03;5;-70;22;Aplus;;;;;;;;;;;;;;;;;;;;
0.077;0.66;0.32;0.008;0.010;34;2;5;75;457;1.03;0.03;0.005;5;0.03;5;-70;15;Aplus;;;;;;;;;;;;;;;;;;;;
0.078;0.62;0.26;0.007;0.005;29;2;5;100;472;1.60;0.03;0.005;5;0.03;5;-70;3;Aplus;;;;;;;;;;;;;;;;;;;;
0.078;0.64;0.28;0.008;0.007;42;2;5;95;482;2.15;0.03;0.005;5;0.03;5;-70;10;Aplus;;;;;;;;;;;;;;;;;;;;
0.063;0.64;0.30;0.008;0.008;43;2;5;74;453;0.03;0.03;0.005;5;0.53;5;-70;74;Aplus;;;;;;;;;;;;;;;;;;;;
0.064;0.63;0.30;0.007;0.007;42;2;5;65;456;0.03;0.03;0.005;5;1.05;5;-70;78;Aplus;;;;;;;;;;;;;;;;;;;;
0.066;0.67;0.37;0.006;0.008;51;2;5;55;453;0.03;0.03;0.005;5;1.44;5;-70;18;Aplus;;;;;;;;;;;;;;;;;;;;
0.073;1.51;0.30;0.007;0.007;5;1;5;94;449;0.03;0.03;0.005;5;0.03;5;-70;9;BN;;;;;;;;;;;;;;;;;;;;
0.067;1.53;0.27;0.008;0.007;2;16;5;86;456;0.03;0.03;0.005;5;0.03;5;-70;6;BN;;;;;;;;;;;;;;;;;;;;
0.071;1.58;0.29;0.007;0.006;2;28;5;84;452;0.03;0.03;0.005;5;0.03;5;-70;8;BN;;;;;;;;;;;;;;;;;;;;
0.066;1.48;0.33;0.008;0.007;5;64;5;74;511;0.03;0.03;0.005;5;0.03;5;-70;18;BN;;;;;;;;;;;;;;;;;;;;
0.066;1.48;0.37;0.008;0.008;5;109;5;63;493;0.03;0.03;0.005;5;0.03;5;-70;40;BN;;;;;;;;;;;;;;;;;;;;
0.068;1.53;0.39;0.008;0.007;5;146;5;83;489;0.03;0.03;0.005;5;0.03;5;-70;70;BN;;;;;;;;;;;;;;;;;;;;
0.064;1.49;0.40;0.007;0.005;5;195;5;85;503;0.03;0.03;0.005;5;0.03;5;-70;34;BN;;;;;;;;;;;;;;;;;;;;
0.074;1.58;0.28;0.008;0.008;5;5;5;145;402;0.03;0.03;0.005;5;0.03;5;-70;3;BN;;;;;;;;;;;;;;;;;;;;
0.070;1.55;0.39;0.007;0.007;7;160;5;144;396;0.03;0.03;0.005;5;0.03;5;-70;13;BN;;;;;;;;;;;;;;;;;;;;
0.073;1.66;0.27;0.009;0.008;5;5;5;235;399;0.03;0.03;0.005;5;0.03;5;-70;3;BN;;;;;;;;;;;;;;;;;;;;
0.073;1.51;0.30;0.007;0.007;5;1;5;94;419;0.03;0.03;0.005;5;0.03;5;-70;9;CB;;;;;;;;;;;;;;;;;;;;
0.067;1.53;0.27;0.008;0.007;2;16;5;86;419;0.03;0.03;0.005;5;0.03;5;-70;6;CB;;;;;;;;;;;;;;;;;;;;
0.071;1.58;0.29;0.007;0.006;2;28;5;84;406;0.03;0.03;0.005;5;0.03;5;-70;8;CB;;;;;;;;;;;;;;;;;;;;
0.066;1.48;0.33;0.008;0.007;5;64;5;74;523;0.03;0.03;0.005;5;0.03;5;-70;18;CB;;;;;;;;;;;;;;;;;;;;
0.066;1.48;0.37;0.008;0.008;5;109;5;63;493;0.03;0.03;0.005;5;0.03;5;-70;40;CB;;;;;;;;;;;;;;;;;;;;
0.068;1.53;0.39;0.008;0.007;5;146;5;83;489;0.03;0.03;0.005;5;0.03;5;-70;70;CB;;;;;;;;;;;;;;;;;;;;
0.064;1.49;0.40;0.007;0.005;5;195;5;85;503;0.03;0.03;0.005;5;0.03;5;-70;34;CB;;;;;;;;;;;;;;;;;;;;
0.074;1.46;0.28;0.008;0.008;35;3;5;79;443;0.03;0.03;0.005;5;0.03;5;-70;91;CB;;;;;;;;;;;;;;;;;;;;
0.068;1.51;0.34;0.007;0.008;33;33;5;70;470;0.03;0.03;0.005;5;0.03;5;-70;78;CB;;;;;;;;;;;;;;;;;;;;
0.065;1.48;0.35;0.007;0.007;34;70;5;74;466;0.03;0.03;0.005;5;0.03;5;-70;50;CB;;;;;;;;;;;;;;;;;;;;
0.064;1.43;0.36;0.007;0.007;36;112;5;71;447;0.03;0.03;0.005;5;0.03;5;-70;86;CB;;;;;;;;;;;;;;;;;;;;
0.067;1.45;0.31;0.008;0.008;38;140;5;75;449;0.03;0.03;0.005;5;0.03;5;-70;69;CB;;;;;;;;;;;;;;;;;;;;
0.066;1.44;0.39;0.007;0.009;45;192;5;71;435;0.03;0.03;0.005;5;0.03;5;-70;53;CB;;;;;;;;;;;;;;;;;;;;
0.074;1.45;0.30;0.007;0.009;120;2;5;84;337;0.03;0.03;0.005;5;0.03;5;-70;20;CB;;;;;;;;;;;;;;;;;;;;
0.071;1.55;0.35;0.007;0.010;130;38;5;68;399;0.03;0.03;0.005;5;0.03;5;-70;46;CB;;;;;;;;;;;;;;;;;;;;
0.071;1.53;0.34;0.007;0.010;110;71;5;69;392;0.03;0.03;0.005;5;0.03;5;-70;53;CB;;;;;;;;;;;;;;;;;;;;
0.068;1.45;0.34;0.008;0.009;130;112;5;84;339;0.03;0.03;0.005;5;0.03;5;-70;84;CB;;;;;;;;;;;;;;;;;;;;
0.066;1.43;0.33;0.008;0.009;120;148;5;75;351;0.03;0.03;0.005;5;0.03;5;-70;62;CB;;;;;;;;;;;;;;;;;;;;
0.067;1.41;0.36;0.009;0.009;120;195;5;80;367;0.03;0.03;0.005;5;0.03;5;-70;10;CB;;;;;;;;;;;;;;;;;;;;
0.072;1.50;0.38;0.006;0.010;260;2;5;77;291;0.03;0.03;0.005;5;0.03;5;-70;31;CB;;;;;;;;;;;;;;;;;;;;
0.070;1.48;0.43;0.007;0.010;260;21;5;70;314;0.03;0.03;0.005;5;0.03;5;-70;107;CB;;;;;;;;;;;;;;;;;;;;
0.070;1.53;0.42;0.007;0.009;290;46;5;69;292;0.03;0.03;0.005;5;0.03;5;-70;140;CB;;;;;;;;;;;;;;;;;;;;
0.066;1.45;0.39;0.006;0.008;270;91;5;75;255;0.03;0.03;0.005;5;0.03;5;-70;134;CB;;;;;;;;;;;;;;;;;;;;
0.074;1.42;0.38;0.006;0.009;270;126;5;72;269;0.03;0.03;0.005;5;0.03;5;-70;98;CB;;;;;;;;;;;;;;;;;;;;
0.069;1.36;0.37;0.007;0.009;250;169;5;63;253;0.03;0.03;0.005;5;0.03;5;-70;50;CB;;;;;;;;;;;;;;;;;;;;
0.069;1.47;0.45;0.005;0.006;410;2;5;77;282;0.03;0.03;0.005;5;0.03;5;-70;75;CB;;;;;;;;;;;;;;;;;;;;
0.077;1.56;0.39;0.006;0.011;400;14;5;68;286;0.03;0.03;0.005;5;0.03;5;-70;133;CB;;;;;;;;;;;;;;;;;;;;
0.074;1.50;0.39;0.006;0.009;410;29;5;72;275;0.03;0.03;0.005;5;0.03;5;-70;139;CB;;;;;;;;;;;;;;;;;;;;
0.075;1.49;0.37;0.006;0.010;370;41;5;69;282;0.03;0.03;0.005;5;0.03;5;-70;130;CB;;;;;;;;;;;;;;;;;;;;
0.075;1.50;0.40;0.006;0.010;390;51;5;85;297;0.03;0.03;0.005;5;0.03;5;-70;137;CB;;;;;;;;;;;;;;;;;;;;
0.077;1.53;0.42;0.006;0.010;430;108;5;79;298;0.03;0.03;0.005;5;0.03;5;-70;79;CB;;;;;;;;;;;;;;;;;;;;
0.073;1.52;0.40;0.006;0.011;390;158;5;84;290;0.03;0.03;0.005;5;0.03;5;-70;51;CB;;;;;;;;;;;;;;;;;;;;
0.074;1.50;0.47;0.006;0.010;580;1;5;75;292;0.03;0.03;0.005;5;0.03;5;-70;24;CB;;;;;;;;;;;;;;;;;;;;
0.079;1.54;0.48;0.006;0.010;610;14;5;81;276;0.03;0.03;0.005;5;0.03;5;-70;110;CB;;;;;;;;;;;;;;;;;;;;
0.073;1.54;0.48;0.006;0.010;520;32;5;84;294;0.03;0.03;0.005;5;0.03;5;-70;114;CB;;;;;;;;;;;;;;;;;;;;
0.075;1.52;0.45;0.005;0.009;610;59;5;82;280;0.03;0.03;0.005;5;0.03;5;-70;84;CB;;;;;;;;;;;;;;;;;;;;
0.070;1.48;0.42;0.006;0.009;610;95;5;63;298;0.03;0.03;0.005;5;0.03;5;-70;62;CB;;;;;;;;;;;;;;;;;;;;
0.067;1.49;0.40;0.005;0.009;640;122;5;78;305;0.03;0.03;0.005;5;0.03;5;-70;14;CB;;;;;;;;;;;;;;;;;;;;
0.074;1.48;0.39;0.005;0.009;660;155;5;71;320;0.03;0.03;0.005;5;0.03;5;-70;16;CB;;;;;;;;;;;;;;;;;;;;
0.045;0.65;0.30;0.006;0.008;55;2;5;80;490;0.03;0.03;0.005;120;0.03;20;-70;5;CMn;;;;;;;;;;;;;;;;;;;;
0.044;0.98;0.32;0.006;0.008;55;2;5;80;460;0.03;0.03;0.005;120;0.03;20;-70;11;CMn;;;;;;;;;;;;;;;;;;;;
0.044;1.32;0.32;0.006;0.007;55;2;5;80;410;0.03;0.03;0.005;120;0.03;20;-70;31;CMn;;;;;;;;;;;;;;;;;;;;
0.045;1.72;0.30;0.006;0.008;55;2;5;80;390;0.03;0.03;0.005;120;0.03;20;-70;46;CMn;;;;;;;;;;;;;;;;;;;;
0.059;0.60;0.33;0.007;0.008;55;2;5;80;490;0.03;0.03;0.005;120;0.03;20;-70;6;CMn;;;;;;;;;;;;;;;;;;;;
0.063;1.00;0.35;0.006;0.008;55;2;5;80;460;0.03;0.03;0.005;120;0.03;20;-70;13;CMn;;;;;;;;;;;;;;;;;;;;
0.066;1.35;0.37;0.005;0.007;55;2;5;80;410;0.03;0.03;0.005;120;0.03;20;-70;38;CMn;;;;;;;;;;;;;;;;;;;;
0.070;1.77;0.33;0.006;0.008;55;2;5;80;390;0.03;0.03;0.005;120;0.03;20;-70;58;CMn;;;;;;;;;;;;;;;;;;;;
0.099;0.65;0.35;0.008;0.009;55;2;5;80;490;0.03;0.03;0.005;120;0.03;20;-70;9;CMn;;;;;;;;;;;;;;;;;;;;
0.098;1.05;0.32;0.007;0.009;55;2;5;80;460;0.03;0.03;0.005;120;0.03;20;-70;18;CMn;;;;;;;;;;;;;;;;;;;;
0.096;1.29;0.30;0.007;0.009;55;2;5;80;410;0.03;0.03;0.005;120;0.03;20;-70;53;CMn;;;;;;;;;;;;;;;;;;;;
0.093;1.65;0.33;0.007;0.007;55;2;5;80;390;0.03;0.03;0.005;120;0.03;20;-70;58;CMn;;;;;;;;;;;;;;;;;;;;
0.147;0.63;0.40;0.008;0.007;55;2;5;80;490;0.03;0.03;0.005;120;0.03;20;-70;14;CMn;;;;;;;;;;;;;;;;;;;;
0.152;1.00;0.41;0.007;0.007;55;2;5;80;460;0.03;0.03;0.005;120;0.03;20;-70;29;CMn;;;;;;;;;;;;;;;;;;;;
0.148;1.40;0.38;0.007;0.007;55;2;5;80;410;0.03;0.03;0.005;120;0.03;20;-70;54;CMn;;;;;;;;;;;;;;;;;;;;
0.141;1.76;0.36;0.006;0.007;55;2;5;80;390;0.03;0.03;0.005;120;0.03;20;-70;50;CMn;;;;;;;;;;;;;;;;;;;;
0.078;1.43;0.26;0.006;0.006;5;2;5;86;481;0.03;0.03;0.005;5;0.03;5;-70;4;CoPlus;;;;;;;;;;;;;;;;;;;;
0.073;1.39;0.28;0.007;0.007;5;2;5;76;454;0.03;0.95;0.005;5;0.03;5;-70;7;CoPlus;;;;;;;;;;;;;;;;;;;;
0.071;1.48;0.26;0.007;0.012;5;2;5;87;460;0.03;2.28;0.005;5;0.03;5;-70;20;CoPlus;;;;;;;;;;;;;;;;;;;;
0.073;1.43;0.24;0.008;0.006;5;2;5;77;460;0.03;3.12;0.005;5;0.03;5;-70;22;CoPlus;;;;;;;;;;;;;;;;;;;;
0.076;1.53;0.28;0.008;0.006;5;2;5;84;444;0.03;0.03;0.250;5;0.03;5;-70;18;CoPlus;;;;;;;;;;;;;;;;;;;;
0.076;1.45;0.25;0.008;0.006;5;2;5;78;457;0.03;0.03;0.500;5;0.03;5;-70;13;CoPlus;;;;;;;;;;;;;;;;;;;;
0.076;1.41;0.24;0.008;0.006;5;2;5;85;447;0.03;0.03;1.110;5;0.03;5;-70;22;CoPlus;;;;;;;;;;;;;;;;;;;;
0.080;1.48;0.28;0.007;0.006;5;2;5;94;436;1.07;0.03;0.005;5;0.03;5;-70;33;CoPlus;;;;;;;;;;;;;;;;;;;;
0.075;1.48;0.28;0.007;0.005;5;2;5;86;466;1.55;0.03;0.005;5;0.03;5;-70;26;CoPlus;;;;;;;;;;;;;;;;;;;;
0.076;1.44;0.28;0.007;0.007;5;2;5;84;476;1.96;0.03;0.005;5;0.03;5;-70;18;CoPlus;;;;;;;;;;;;;;;;;;;;
0.080;1.47;0.24;0.007;0.007;5;2;5;96;455;0.03;0.03;0.005;5;0.55;5;-70;15;CoPlus;;;;;;;;;;;;;;;;;;;;
0.075;1.41;0.24;0.006;0.008;5;2;5;89;484;0.03;0.03;0.005;5;1.06;5;-70;15;CoPlus;;;;;;;;;;;;;;;;;;;;
0.074;1.36;0.22;0.008;0.010;5;2;5;110;484;0.03;0.03;0.005;5;1.63;5;-70;11;CoPlus;;;;;;;;;;;;;;;;;;;;
0.077;1.46;0.27;0.008;0.007;28;3;5;81;459;0.03;0.03;0.005;5;0.03;5;-70;91;Cplus;;;;;;;;;;;;;;;;;;;;
0.076;1.48;0.25;0.008;0.006;33;2;5;81;417;0.03;0.95;0.005;5;0.03;5;-70;70;W;;;;;;;;;;;;;;;;;;;;
0.068;1.46;0.27;0.008;0.007;34;2;5;78;436;0.03;2.24;0.005;5;0.03;5;-70;79;Cplus;;;;;;;;;;;;;;;;;;;;
0.075;1.46;0.26;0.008;0.006;32;2;5;72;418;0.03;3.15;0.005;5;0.03;5;-70;55;Cplus;;;;;;;;;;;;;;;;;;;;
0.076;1.49;0.26;0.008;0.008;34;2;5;89;412;0.03;0.03;0.250;5;0.03;5;-70;95;Cplus;;;;;;;;;;;;;;;;;;;;
0.075;1.46;0.26;0.008;0.007;31;2;5;86;429;0.03;0.03;0.500;5;0.03;5;-70;64;Cplus;;;;;;;;;;;;;;;;;;;;
0.075;1.44;0.25;0.008;0.008;31;2;5;83;432;0.03;0.03;1.070;5;0.03;5;-70;50;Cplus;;;;;;;;;;;;;;;;;;;;
0.079;1.56;0.30;0.007;0.011;27;2;5;98;431;1.03;0.03;0.005;5;0.03;5;-70;65;Cplus;;;;;;;;;;;;;;;;;;;;
0.073;1.53;0.29;0.007;0.010;27;2;5;79;438;1.53;0.03;0.005;5;0.03;5;-70;42;Cplus;;;;;;;;;;;;;;;;;;;;
0.078;1.48;0.29;0.007;0.010;28;2;5;82;438;1.96;0.03;0.005;5;0.03;5;-70;28;Cplus;;;;;;;;;;;;;;;;;;;;
0.076;1.48;0.27;0.007;0.008;22;2;5;81;454;0.03;0.03;0.005;5;0.53;5;-70;64;Cplus;;;;;;;;;;;;;;;;;;;;
0.077;1.43;0.25;0.007;0.008;19;2;5;92;456;0.03;0.03;0.005;5;1.08;5;-70;52;Cplus;;;;;;;;;;;;;;;;;;;;
0.069;1.37;0.25;0.007;0.009;23;2;5;75;475;0.03;0.03;0.005;5;1.60;5;-70;25;Cplus;;;;;;;;;;;;;;;;;;;;
0.074;1.51;0.36;0.008;0.011;40;2;5;80;410;0.03;0.03;0.005;120;0.02;20;-70;81;Cu;;;;;;;;;;;;;;;;;;;;
0.075;1.48;0.36;0.007;0.006;40;2;5;80;410;0.03;0.03;0.005;120;0.11;20;-70;88;Cu;;;;;;;;;;;;;;;;;;;;
0.074;1.42;0.32;0.008;0.007;40;2;5;80;410;0.03;0.03;0.005;120;0.19;20;-70;96;Cu;;;;;;;;;;;;;;;;;;;;
0.076;1.48;0.33;0.007;0.006;40;2;5;80;410;0.03;0.03;0.005;120;0.35;20;-70;67;Cu;;;;;;;;;;;;;;;;;;;;
0.068;1.49;0.32;0.006;0.006;40;2;5;80;410;0.03;0.03;0.005;120;0.66;20;-70;76;Cu;;;;;;;;;;;;;;;;;;;;
0.076;1.49;0.36;0.006;0.006;40;2;5;80;410;0.03;0.03;0.005;120;1.40;20;-70;46;Cu;;;;;;;;;;;;;;;;;;;;
0.074;1.40;0.25;0.008;0.007;1;1;6;79;475;0.03;0.03;0.005;5;0.03;5;-70;6;GKSS;;;;;;;;;;;;;;;;;;;;
0.077;1.46;0.27;0.008;0.007;28;3;5;81;459;0.03;0.03;0.005;5;0.03;5;-70;91;O;;;;;;;;;;;;;;;;;;;;
0.069;1.47;0.45;0.005;0.006;410;2;1;77;282;0.03;0.03;0.005;5;0.03;5;-70;50;W;;;;;;;;;;;;;;;;;;;;
0.070;1.57;0.45;0.006;0.010;390;39;13;83;308;0.03;0.03;0.005;5;0.03;5;-70;138;X;;;;;;;;;;;;;;;;;;;;
0.072;1.56;0.49;0.007;0.010;420;48;160;67;438;0.03;0.03;0.005;5;0.03;5;-70;146;Y;;;;;;;;;;;;;;;;;;;;
0.064;1.49;0.40;0.007;0.005;5;195;5;85;503;0.03;0.03;0.005;5;0.03;5;-70;34;Z;;;;;;;;;;;;;;;;;;;;
0.073;1.52;0.40;0.006;0.011;390;158;5;84;290;0.03;0.03;0.005;5;0.03;5;-70;51;T;;;;;;;;;;;;;;;;;;;;
0.078;1.44;0.60;0.006;0.007;540;56;580;41;440;0.03;0.03;0.005;5;0.03;5;-70;5;U;;;;;;;;;;;;;;;;;;;;
0.074;1.58;0.28;0.008;0.008;5;5;5;145;404;0.03;0.03;0.005;5;0.03;5;-70;3;V;;;;;;;;;;;;;;;;;;;;
0.068;1.40;0.28;0.010;0.008;31;5;5;148;409;0.03;0.03;0.005;5;0.03;5;-70;10;O1;;;;;;;;;;;;;;;;;;;;
0.066;1.48;0.47;0.007;0.011;410;2;5;164;285;0.03;0.03;0.005;5;0.03;5;-70;30;W1;;;;;;;;;;;;;;;;;;;;
0.069;1.48;0.34;0.007;0.010;370;40;5;149;281;0.03;0.03;0.005;5;0.03;5;-70;33;X1;;;;;;;;;;;;;;;;;;;;
0.070;1.45;0.43;0.006;0.010;470;37;170;130;439;0.03;0.03;0.005;5;0.03;5;-70;18;Y1;;;;;;;;;;;;;;;;;;;;
0.070;1.55;0.39;0.007;0.007;7;160;6;144;396;0.03;0.03;0.005;5;0.03;5;-70;13;Z1;;;;;;;;;;;;;;;;;;;;
0.066;1.39;0.35;0.006;0.009;360;158;5;138;290;0.03;0.03;0.005;5;0.03;5;-70;87;T1;;;;;;;;;;;;;;;;;;;;
0.067;1.44;0.63;0.005;0.010;480;44;560;120;473;0.03;0.03;0.005;5;0.03;5;-70;86;U1;;;;;;;;;;;;;;;;;;;;
0.073;1.66;0.27;0.009;0.008;5;5;5;235;399;0.03;0.03;0.005;5;0.03;5;-70;3;V1;;;;;;;;;;;;;;;;;;;;
0.069;1.45;0.26;0.010;0.009;29;5;2;226;391;0.03;0.03;0.005;5;0.03;5;-70;6;O2;;;;;;;;;;;;;;;;;;;;
0.068;1.46;0.47;0.007;0.006;450;2;5;249;297;0.03;0.03;0.005;5;0.03;5;-70;14;W2;;;;;;;;;;;;;;;;;;;;
0.069;1.51;0.36;0.007;0.008;410;44;5;232;292;0.03;0.03;0.005;5;0.03;5;-70;19;X2;;;;;;;;;;;;;;;;;;;;
0.068;1.45;0.50;0.006;0.011;470;45;180;230;440;0.03;0.03;0.005;5;0.03;5;-70;2;Y2;;;;;;;;;;;;;;;;;;;;
0.064;1.43;0.36;0.008;0.008;5;160;5;233;426;0.03;0.03;0.005;5;0.03;5;-70;14;Z2;;;;;;;;;;;;;;;;;;;;
0.066;1.40;0.36;0.007;0.012;390;167;5;217;297;0.03;0.03;0.005;5;0.03;5;-70;49;T2;;;;;;;;;;;;;;;;;;;;
0.069;1.42;0.60;0.006;0.012;430;35;560;235;470;0.03;0.03;0.005;5;0.03;5;-70;29;U2;;;;;;;;;;;;;;;;;;;;
0.035;0.66;0.30;0.006;0.013;55;2;5;70;490;0.03;0.03;0.005;120;0.03;20;-70;8;MnCr;;;;;;;;;;;;;;;;;;;;
0.038;1.00;0.30;0.005;0.014;55;2;5;100;460;0.03;0.03;0.005;120;0.03;20;-70;11;MnCr;;;;;;;;;;;;;;;;;;;;
0.049;1.42;0.34;0.005;0.013;55;2;5;90;410;0.03;0.03;0.005;120;0.03;20;-70;32;MnCr;;;;;;;;;;;;;;;;;;;;
0.051;1.82;0.34;0.006;0.017;55;2;5;90;390;0.03;0.03;0.005;120;0.03;20;-70;36;MnCr;;;;;;;;;;;;;;;;;;;;
0.038;0.66;0.33;0.007;0.015;55;2;5;70;490;0.24;0.03;0.005;120;0.03;20;-70;5;MnCr;;;;;;;;;;;;;;;;;;;;
0.041;1.01;0.33;0.007;0.013;55;2;5;100;460;0.26;0.03;0.005;120;0.03;20;-70;14;MnCr;;;;;;;;;;;;;;;;;;;;
0.042;1.46;0.34;0.006;0.015;55;2;5;90;410;0.27;0.03;0.005;120;0.03;20;-70;18;MnCr;;;;;;;;;;;;;;;;;;;;
0.047;1.85;0.35;0.006;0.015;55;2;5;90;390;0.27;0.03;0.005;120;0.03;20;-70;28;MnCr;;;;;;;;;;;;;;;;;;;;
0.040;0.61;0.33;0.005;0.010;55;2;5;70;490;0.51;0.03;0.005;120;0.03;20;-70;13;MnCr;;;;;;;;;;;;;;;;;;;;
0.042;0.96;0.32;0.008;0.010;55;2;5;100;460;0.54;0.03;0.005;120;0.03;20;-70;31;MnCr;;;;;;;;;;;;;;;;;;;;
0.046;1.40;0.35;0.006;0.010;55;2;5;90;410;0.54;0.03;0.005;120;0.03;20;-70;45;MnCr;;;;;;;;;;;;;;;;;;;;
0.050;1.82;0.32;0.005;0.016;55;2;5;90;390;0.52;0.03;0.005;120;0.03;20;-70;38;MnCr;;;;;;;;;;;;;;;;;;;;
0.041;0.59;0.28;0.008;0.012;55;2;5;70;490;1.00;0.03;0.005;120;0.03;20;-70;10;MnCr;;;;;;;;;;;;;;;;;;;;
0.045;0.97;0.32;0.007;0.013;55;2;5;100;460;1.05;0.03;0.005;120;0.03;20;-70;25;MnCr;;;;;;;;;;;;;;;;;;;;
0.048;1.36;0.33;0.008;0.012;55;2;5;90;410;1.07;0.03;0.005;120;0.03;20;-70;30;MnCr;;;;;;;;;;;;;;;;;;;;
0.050;1.84;0.35;0.007;0.011;55;2;5;90;390;1.07;0.03;0.005;120;0.03;20;-70;33;MnCr;;;;;;;;;;;;;;;;;;;;
0.042;0.58;0.27;0.009;0.011;55;2;5;70;490;2.32;0.03;0.005;120;0.03;20;-70;2;MnCr;;;;;;;;;;;;;;;;;;;;
0.048;0.92;0.29;0.008;0.012;55;2;5;100;460;2.35;0.03;0.005;120;0.03;20;-70;13;MnCr;;;;;;;;;;;;;;;;;;;;
0.050;1.29;0.31;0.007;0.009;55;2;5;90;410;2.26;0.03;0.005;120;0.03;20;-70;20;MnCr;;;;;;;;;;;;;;;;;;;;
0.053;1.74;0.34;0.007;0.014;55;2;5;90;390;2.30;0.03;0.005;120;0.03;20;-70;14;MnCr;;;;;;;;;;;;;;;;;;;;
0.035;0.66;0.30;0.006;0.013;55;2;5;80;490;0.03;0.03;0.005;120;0.03;20;-70;8;MnMo;;;;;;;;;;;;;;;;;;;;
0.038;1.00;0.30;0.005;0.014;55;2;5;80;460;0.03;0.03;0.005;120;0.03;20;-70;11;MnMo;;;;;;;;;;;;;;;;;;;;
0.049;1.42;0.34;0.005;0.013;55;2;5;80;410;0.03;0.03;0.005;120;0.03;20;-70;32;MnMo;;;;;;;;;;;;;;;;;;;;
0.051;1.82;0.34;0.006;0.017;55;2;5;80;390;0.03;0.03;0.005;120;0.03;20;-70;36;MnMo;;;;;;;;;;;;;;;;;;;;
0.035;0.64;0.33;0.008;0.011;55;2;5;80;490;0.03;0.03;0.220;120;0.03;20;-70;9;MnMo;;;;;;;;;;;;;;;;;;;;
0.040;1.02;0.32;0.008;0.012;55;2;5;80;460;0.03;0.03;0.280;120;0.03;20;-70;36;MnMo;;;;;;;;;;;;;;;;;;;;
0.045;1.40;0.31;0.008;0.013;55;2;5;80;410;0.03;0.03;0.250;120;0.03;20;-70;49;MnMo;;;;;;;;;;;;;;;;;;;;
0.048;1.86;0.34;0.008;0.014;55;2;5;80;390;0.03;0.03;0.290;120;0.03;20;-70;52;MnMo;;;;;;;;;;;;;;;;;;;;
0.038;0.63;0.30;0.009;0.012;55;2;5;80;490;0.03;0.03;0.500;120;0.03;20;-70;8;MnMo;;;;;;;;;;;;;;;;;;;;
0.039;0.95;0.28;0.008;0.013;55;2;5;80;460;0.03;0.03;0.510;120;0.03;20;-70;18;MnMo;;;;;;;;;;;;;;;;;;;;
0.045;1.43;0.33;0.008;0.014;55;2;5;80;410;0.03;0.03;0.500;120;0.03;20;-70;26;MnMo;;;;;;;;;;;;;;;;;;;;
0.050;1.81;0.33;0.008;0.014;55;2;5;80;390;0.03;0.03;0.500;120;0.03;20;-70;39;MnMo;;;;;;;;;;;;;;;;;;;;
0.042;0.64;0.30;0.010;0.010;55;2;5;80;490;0.03;0.03;1.110;120;0.03;20;-70;10;MnMo;;;;;;;;;;;;;;;;;;;;
0.044;1.01;0.33;0.008;0.012;55;2;5;80;460;0.03;0.03;1.110;120;0.03;20;-70;20;MnMo;;;;;;;;;;;;;;;;;;;;
0.049;1.37;0.34;0.008;0.013;55;2;5;80;410;0.03;0.03;1.120;120;0.03;20;-70;26;MnMo;;;;;;;;;;;;;;;;;;;;
0.048;1.76;0.33;0.008;0.015;55;2;5;80;390;0.03;0.03;1.150;120;0.03;20;-70;28;MnMo;;;;;;;;;;;;;;;;;;;;
0.073;0.64;0.35;0.005;0.004;38;2;5;77;428;0.03;0.03;0.005;3;0.03;3;-70;34;MnNb;;;;;;;;;;;;;;;;;;;;
0.073;0.63;0.34;0.005;0.004;41;2;5;80;431;0.03;0.03;0.005;3;0.03;120;-70;6;MnNb;;;;;;;;;;;;;;;;;;;;
0.075;0.61;0.33;0.005;0.004;42;2;5;85;429;0.03;0.03;0.005;3;0.03;220;-70;2;MnNb;;;;;;;;;;;;;;;;;;;;
0.069;0.64;0.33;0.006;0.003;42;2;5;85;413;0.03;0.03;0.005;3;0.03;450;-70;2;MnNb;;;;;;;;;;;;;;;;;;;;
0.075;0.65;0.33;0.009;0.005;39;2;5;110;460;0.03;0.03;0.005;3;0.03;870;-70;2;MnNb;;;;;;;;;;;;;;;;;;;;
0.076;1.74;0.29;0.008;0.006;35;2;5;92;415;0.03;0.03;0.005;4;0.03;5;-70;74;MnNb;;;;;;;;;;;;;;;;;;;;
0.074;1.74;0.30;0.006;0.006;31;2;5;89;418;0.03;0.03;0.005;4;0.03;120;-70;66;MnNb;;;;;;;;;;;;;;;;;;;;
0.076;1.72;0.28;0.006;0.007;32;2;5;110;433;0.03;0.03;0.005;4;0.03;220;-70;30;MnNb;;;;;;;;;;;;;;;;;;;;
0.077;1.75;0.28;0.008;0.010;31;2;5;97;432;0.03;0.03;0.005;4;0.03;440;-70;18;MnNb;;;;;;;;;;;;;;;;;;;;
0.078;1.75;0.28;0.006;0.007;33;2;5;105;406;0.03;0.03;0.005;4;0.03;880;-70;10;MnNb;;;;;;;;;;;;;;;;;;;;
0.035;0.66;0.30;0.006;0.013;55;2;5;80;490;0.03;0.03;0.005;120;0.03;20;-70;8;MnNi;;;;;;;;;;;;;;;;;;;;
0.038;1.00;0.30;0.005;0.014;55;2;5;80;460;0.03;0.03;0.005;120;0.03;20;-70;11;MnNi;;;;;;;;;;;;;;;;;;;;
0.049;1.42;0.34;0.005;0.013;55;2;5;80;410;0.03;0.03;0.005;120;0.03;20;-70;32;MnNi;;;;;;;;;;;;;;;;;;;;
0.051;1.82;0.34;0.006;0.017;55;2;5;80;390;0.03;0.03;0.005;120;0.03;20;-70;36;MnNi;;;;;;;;;;;;;;;;;;;;
0.039;0.67;0.31;0.006;0.011;55;2;5;80;490;0.03;0.49;0.005;120;0.03;20;-70;5;MnNi;;;;;;;;;;;;;;;;;;;;
0.039;1.00;0.30;0.006;0.010;55;2;5;80;460;0.03;0.50;0.005;120;0.03;20;-70;23;MnNi;;;;;;;;;;;;;;;;;;;;
0.055;1.44;0.31;0.006;0.014;55;2;5;80;410;0.03;0.47;0.005;120;0.03;20;-70;52;MnNi;;;;;;;;;;;;;;;;;;;;
0.046;1.85;0.30;0.006;0.017;55;2;5;80;390;0.03;0.49;0.005;120;0.03;20;-70;43;MnNi;;;;;;;;;;;;;;;;;;;;
0.038;0.65;0.31;0.007;0.010;55;2;5;80;490;0.03;1.12;0.005;120;0.03;20;-70;13;MnNi;;;;;;;;;;;;;;;;;;;;
0.042;1.00;0.33;0.007;0.012;55;2;5;80;460;0.03;1.10;0.005;120;0.03;20;-70;49;MnNi;;;;;;;;;;;;;;;;;;;;
0.050;1.43;0.34;0.008;0.011;55;2;5;80;410;0.03;1.06;0.005;120;0.03;20;-70;62;MnNi;;;;;;;;;;;;;;;;;;;;
0.053;1.86;0.35;0.007;0.012;55;2;5;80;390;0.03;1.04;0.005;120;0.03;20;-70;46;MnNi;;;;;;;;;;;;;;;;;;;;
0.039;0.65;0.30;0.006;0.012;55;2;5;80;490;0.03;2.32;0.005;120;0.03;20;-70;48;MnNi;;;;;;;;;;;;;;;;;;;;
0.041;0.99;0.32;0.006;0.015;55;2;5;80;460;0.03;2.32;0.005;120;0.03;20;-70;74;MnNi;;;;;;;;;;;;;;;;;;;;
0.047;1.46;0.33;0.007;0.016;55;2;5;80;410;0.03;2.33;0.005;120;0.03;20;-70;46;MnNi;;;;;;;;;;;;;;;;;;;;
0.040;1.88;0.33;0.007;0.018;55;2;5;80;390;0.03;2.30;0.005;120;0.03;20;-70;33;MnNi;;;;;;;;;;;;;;;;;;;;
0.038;0.67;0.29;0.010;0.012;55;2;5;80;390;0.03;3.49;0.005;120;0.03;20;-70;83;MnNi;;;;;;;;;;;;;;;;;;;;
0.042;1.00;0.30;0.008;0.012;55;2;5;80;390;0.03;3.49;0.005;120;0.03;20;-70;62;MnNi;;;;;;;;;;;;;;;;;;;;
0.052;1.44;0.30;0.007;0.013;55;2;5;80;390;0.03;3.46;0.005;120;0.03;20;-70;39;MnNi;;;;;;;;;;;;;;;;;;;;
0.053;1.85;0.36;0.007;0.013;55;2;5;80;390;0.03;3.41;0.005;120;0.03;20;-70;22;MnNi;;;;;;;;;;;;;;;;;;;;
0.073;0.64;0.34;0.008;0.007;5;2;5;63;450;0.03;0.03;0.005;5;0.03;5;-70;29;MnOx;;;;;;;;;;;;;;;;;;;;
0.058;0.59;0.20;0.007;0.007;37;2;5;55;501;0.03;0.03;0.005;5;0.03;5;-70;4;MnSi;;;;;;;;;;;;;;;;;;;;
0.064;1.00;0.20;0.007;0.006;51;2;5;65;457;0.03;0.03;0.005;5;0.03;5;-70;35;MnSi;;;;;;;;;;;;;;;;;;;;
0.066;1.37;0.20;0.007;0.006;50;2;5;55;436;0.03;0.03;0.005;5;0.03;5;-70;64;MnSi;;;;;;;;;;;;;;;;;;;;
0.064;1.79;0.20;0.007;0.005;70;2;5;70;443;0.03;0.03;0.005;5;0.03;5;-70;74;MnSi;;;;;;;;;;;;;;;;;;;;
0.076;0.66;0.42;0.007;0.007;60;2;5;55;452;0.03;0.03;0.005;5;0.03;5;-70;3;MnSi;;;;;;;;;;;;;;;;;;;;
0.065;1.02;0.38;0.007;0.007;67;2;5;65;419;0.03;0.03;0.005;5;0.03;5;-70;13;MnSi;;;;;;;;;;;;;;;;;;;;
0.066;1.42;0.37;0.007;0.008;75;2;5;55;415;0.03;0.03;0.005;5;0.03;5;-70;64;MnSi;;;;;;;;;;;;;;;;;;;;
0.066;1.82;0.37;0.007;0.008;83;2;5;70;406;0.03;0.03;0.005;5;0.03;5;-70;74;MnSi;;;;;;;;;;;;;;;;;;;;
0.067;0.64;0.62;0.007;0.008;74;2;5;55;405;0.03;0.03;0.005;5;0.03;5;-70;6;MnSi;;;;;;;;;;;;;;;;;;;;
0.061;1.03;0.64;0.007;0.008;79;2;5;65;394;0.03;0.03;0.005;5;0.03;5;-70;12;MnSi;;;;;;;;;;;;;;;;;;;;
0.075;1.43;0.66;0.006;0.007;80;2;5;55;366;0.03;0.03;0.005;5;0.03;5;-70;42;MnSi;;;;;;;;;;;;;;;;;;;;
0.068;1.77;0.61;0.006;0.007;94;2;5;70;378;0.03;0.03;0.005;5;0.03;5;-70;74;MnSi;;;;;;;;;;;;;;;;;;;;
0.073;0.63;0.94;0.008;0.009;100;2;5;55;351;0.03;0.03;0.005;5;0.03;5;-70;14;MnSi;;;;;;;;;;;;;;;;;;;;
0.068;1.00;0.94;0.006;0.010;110;2;5;50;350;0.03;0.03;0.005;5;0.03;5;-70;5;MnSi;;;;;;;;;;;;;;;;;;;;
0.064;1.36;0.92;0.006;0.009;110;2;5;50;343;0.03;0.03;0.005;5;0.03;5;-70;14;MnSi;;;;;;;;;;;;;;;;;;;;
0.067;1.76;0.91;0.006;0.007;120;2;5;60;298;0.03;0.03;0.005;5;0.03;5;-70;46;MnSi;;;;;;;;;;;;;;;;;;;;
0.035;0.66;0.30;0.006;0.013;55;2;5;70;490;0.03;0.03;0.005;120;0.03;20;-70;8;Mn;;;;;;;;;;;;;;;;;;;;
0.038;1.00;0.30;0.005;0.014;55;2;5;100;460;0.03;0.03;0.005;120;0.03;20;-70;11;Mn;;;;;;;;;;;;;;;;;;;;
0.049;1.42;0.34;0.005;0.013;55;2;5;90;410;0.03;0.03;0.005;120;0.03;20;-70;32;Mn;;;;;;;;;;;;;;;;;;;;
0.051;1.82;0.34;0.006;0.017;55;2;5;90;390;0.03;0.03;0.005;120;0.03;20;-70;36;Mn;;;;;;;;;;;;;;;;;;;;
0.073;0.64;0.34;0.008;0.007;7;2;5;63;450;0.03;0.03;0.005;5;0.03;5;-70;29;MnTi;;;;;;;;;;;;;;;;;;;;
0.073;0.64;0.35;0.005;0.004;38;2;5;77;428;0.03;0.03;0.005;5;0.03;5;-70;27;MnTi;;;;;;;;;;;;;;;;;;;;
0.074;0.67;0.35;0.008;0.007;95;2;5;73;384;0.03;0.03;0.005;5;0.03;5;-70;11;MnTi;;;;;;;;;;;;;;;;;;;;
0.078;0.68;0.38;0.009;0.007;160;2;5;69;340;0.03;0.03;0.005;5;0.03;5;-70;12;MnTi;;;;;;;;;;;;;;;;;;;;
0.079;0.73;0.44;0.006;0.008;240;2;5;69;290;0.03;0.03;0.005;5;0.03;5;-70;9;MnTi;;;;;;;;;;;;;;;;;;;;
0.071;0.64;0.36;0.006;0.006;43;2;5;78;435;0.03;0.03;0.005;220;0.03;5;-70;20;MnV;;;;;;;;;;;;;;;;;;;;
0.071;0.64;0.44;0.008;0.005;36;2;5;88;411;0.03;0.03;0.005;450;0.03;5;-70;18;MnV;;;;;;;;;;;;;;;;;;;;
0.073;0.62;0.37;0.008;0.005;31;2;5;75;432;0.03;0.03;0.005;610;0.03;5;-70;18;MnV;;;;;;;;;;;;;;;;;;;;
0.072;0.64;0.37;0.008;0.005;34;2;5;84;436;0.03;0.03;0.005;830;0.03;5;-70;13;MnV;;;;;;;;;;;;;;;;;;;;
0.079;1.72;0.26;0.006;0.007;27;2;5;72;423;0.03;0.03;0.005;240;0.03;5;-70;70;MnV;;;;;;;;;;;;;;;;;;;;
0.076;1.71;0.27;0.007;0.007;25;2;5;74;423;0.03;0.03;0.005;400;0.03;5;-70;87;MnV;;;;;;;;;;;;;;;;;;;;
0.078;1.71;0.26;0.005;0.007;25;2;5;86;405;0.03;0.03;0.005;600;0.03;5;-70;82;MnV;;;;;;;;;;;;;;;;;;;;
0.087;1.77;0.26;0.006;0.007;25;2;5;90;411;0.03;0.03;0.005;840;0.03;5;-70;80;MnV;;;;;;;;;;;;;;;;;;;;
0.065;1.37;0.39;0.006;0.006;55;2;5;83;417;0.03;0.03;0.005;120;0.03;20;-70;42;N2;;;;;;;;;;;;;;;;;;;;
0.062;1.34;0.41;0.005;0.006;55;2;5;113;440;0.03;0.03;0.005;120;0.03;20;-70;26;N2;;;;;;;;;;;;;;;;;;;;
0.061;1.34;0.41;0.006;0.006;55;2;5;153;432;0.03;0.03;0.005;120;0.03;20;-70;34;N2;;;;;;;;;;;;;;;;;;;;
0.061;1.28;0.37;0.006;0.006;55;2;5;213;416;0.03;0.03;0.005;120;0.03;20;-70;10;N2;;;;;;;;;;;;;;;;;;;;
0.067;1.43;0.38;0.005;0.007;55;2;5;58;433;0.03;0.03;0.005;120;0.03;20;-70;45;P;;;;;;;;;;;;;;;;;;;;
0.069;1.37;0.39;0.005;0.015;55;2;5;61;418;0.03;0.03;0.005;120;0.03;20;-70;32;P;;;;;;;;;;;;;;;;;;;;
0.066;1.40;0.37;0.005;0.023;55;2;5;63;431;0.03;0.03;0.005;120;0.03;20;-70;49;P;;;;;;;;;;;;;;;;;;;;
0.066;1.36;0.35;0.005;0.030;55;2;5;61;421;0.03;0.03;0.005;120;0.03;20;-70;35;P;;;;;;;;;;;;;;;;;;;;
0.065;1.45;0.35;0.006;0.040;55;2;5;62;426;0.03;0.03;0.005;120;0.03;20;-70;45;P;;;;;;;;;;;;;;;;;;;;
0.063;1.39;0.37;0.007;0.007;55;2;5;54;437;0.03;0.03;0.005;120;0.03;20;-70;58;S;;;;;;;;;;;;;;;;;;;;
0.057;1.41;0.37;0.016;0.007;55;2;5;58;457;0.03;0.03;0.005;120;0.03;20;-70;33;S;;;;;;;;;;;;;;;;;;;;
0.057;1.38;0.35;0.027;0.007;55;2;5;55;480;0.03;0.03;0.005;120;0.03;20;-70;40;S;;;;;;;;;;;;;;;;;;;;
0.062;1.39;0.36;0.038;0.007;55;2;5;52;500;0.03;0.03;0.005;120;0.03;20;-70;14;S;;;;;;;;;;;;;;;;;;;;
0.063;1.38;0.35;0.046;0.008;55;2;5;52;516;0.03;0.03;0.005;120;0.03;20;-70;14;S;;;;;;;;;;;;;;;;;;;;
0.070;1.57;0.45;0.006;0.010;390;39;13;83;308;0.03;0.03;0.005;5;0.03;5;-70;138;TiBAlN;;;;;;;;;;;;;;;;;;;;
0.070;1.53;0.44;0.007;0.010;450;48;68;82;370;0.03;0.03;0.005;5;0.03;5;-70;150;TiBAlN;;;;;;;;;;;;;;;;;;;;
0.070;1.56;0.49;0.007;0.010;420;48;160;67;438;0.03;0.03;0.005;5;0.03;5;-70;146;TiBAlN;;;;;;;;;;;;;;;;;;;;
0.070;1.51;0.57;0.007;0.012;460;51;310;60;482;0.03;0.03;0.005;5;0.03;5;-70;46;TiBAlN;;;;;;;;;;;;;;;;;;;;
0.070;1.53;0.60;0.006;0.010;440;54;380;53;473;0.03;0.03;0.005;5;0.03;5;-70;26;TiBAlN;;;;;;;;;;;;;;;;;;;;
0.080;1.44;0.60;0.006;0.007;540;56;580;41;440;0.03;0.03;0.005;5;0.03;5;-70;5;TiBAlN;;;;;;;;;;;;;;;;;;;;
0.070;1.48;0.34;0.007;0.010;370;40;5;149;281;0.03;0.03;0.005;5;0.03;5;-70;33;TiBAlN;;;;;;;;;;;;;;;;;;;;
0.070;1.49;0.34;0.007;0.010;410;36;61;150;382;0.03;0.03;0.005;5;0.03;5;-70;14;TiBAlN;;;;;;;;;;;;;;;;;;;;
0.070;1.45;0.43;0.006;0.010;470;37;170;130;439;0.03;0.03;0.005;5;0.03;5;-70;18;TiBAlN;;;;;;;;;;;;;;;;;;;;
0.070;1.43;0.43;0.005;0.010;490;41;330;120;489;0.03;0.03;0.005;5;0.03;5;-70;66;TiBAlN;;;;;;;;;;;;;;;;;;;;
0.070;1.44;0.55;0.005;0.010;460;48;460;120;479;0.03;0.03;0.005;5;0.03;5;-70;53;TiBAlN;;;;;;;;;;;;;;;;;;;;
0.070;1.44;0.63;0.005;0.010;480;44;560;120;473;0.03;0.03;0.005;5;0.03;5;-70;86;TiBAlN;;;;;;;;;;;;;;;;;;;;
0.070;1.51;0.36;0.007;0.008;410;44;5;232;292;0.03;0.03;0.005;5;0.03;5;-70;19;TiBAlN;;;;;;;;;;;;;;;;;;;;
0.070;1.38;0.35;0.007;0.012;500;38;62;245;412;0.03;0.03;0.005;5;0.03;5;-70;2;TiBAlN;;;;;;;;;;;;;;;;;;;;
0.070;1.45;0.50;0.006;0.011;470;45;180;230;440;0.03;0.03;0.005;5;0.03;5;-70;2;TiBAlN;;;;;;;;;;;;;;;;;;;;
0.070;1.44;0.54;0.005;0.014;450;42;310;230;480;0.03;0.03;0.005;5;0.03;5;-70;2;TiBAlN;;;;;;;;;;;;;;;;;;;;
0.070;1.38;0.52;0.006;0.011;410;35;380;225;478;0.03;0.03;0.005;5;0.03;5;-70;7;TiBAlN;;;;;;;;;;;;;;;;;;;;
0.070;1.42;0.60;0.006;0.012;430;35;560;235;470;0.03;0.03;0.005;5;0.03;5;-70;29;TiBAlN;;;;;;;;;;;;;;;;;;;;
0.073;1.51;0.30;0.007;0.007;5;1;5;94;449;0.03;0.03;0.005;5;0.03;5;-70;6;TiBN;;;;;;;;;;;;;;;;;;;;
0.067;1.53;0.27;0.008;0.007;2;16;5;86;456;0.03;0.03;0.005;5;0.03;5;-70;6;TiBN;;;;;;;;;;;;;;;;;;;;
0.071;1.58;0.29;0.007;0.006;2;28;5;84;452;0.03;0.03;0.005;5;0.03;5;-70;8;TiBN;;;;;;;;;;;;;;;;;;;;
0.066;1.48;0.33;0.008;0.007;5;64;5;74;511;0.03;0.03;0.005;5;0.03;5;-70;18;TiBN;;;;;;;;;;;;;;;;;;;;
0.066;1.48;0.37;0.008;0.008;5;109;5;63;493;0.03;0.03;0.005;5;0.03;5;-70;40;TiBN;;;;;;;;;;;;;;;;;;;;
0.068;1.53;0.39;0.008;0.007;5;146;5;83;489;0.03;0.03;0.005;5;0.03;5;-70;70;TiBN;;;;;;;;;;;;;;;;;;;;
0.064;1.49;0.40;0.007;0.005;5;195;5;85;503;0.03;0.03;0.005;5;0.03;5;-70;34;TiBN;;;;;;;;;;;;;;;;;;;;
0.074;1.46;0.28;0.008;0.008;35;3;5;79;443;0.03;0.03;0.005;5;0.03;5;-70;91;TiBN;;;;;;;;;;;;;;;;;;;;
0.068;1.51;0.34;0.007;0.008;33;33;5;70;470;0.03;0.03;0.005;5;0.03;5;-70;78;TiBN;;;;;;;;;;;;;;;;;;;;
0.065;1.48;0.35;0.007;0.007;34;70;5;74;466;0.03;0.03;0.005;5;0.03;5;-70;50;TiBN;;;;;;;;;;;;;;;;;;;;
0.064;1.43;0.36;0.007;0.007;36;112;5;71;447;0.03;0.03;0.005;5;0.03;5;-70;86;TiBN;;;;;;;;;;;;;;;;;;;;
0.067;1.45;0.31;0.008;0.008;38;140;5;75;449;0.03;0.03;0.005;5;0.03;5;-70;69;TiBN;;;;;;;;;;;;;;;;;;;;
0.066;1.44;0.39;0.007;0.009;45;192;5;71;435;0.03;0.03;0.005;5;0.03;5;-70;53;TiBN;;;;;;;;;;;;;;;;;;;;
0.074;1.45;0.30;0.007;0.009;120;2;5;84;337;0.03;0.03;0.005;5;0.03;5;-70;20;TiBN;;;;;;;;;;;;;;;;;;;;
0.071;1.55;0.35;0.007;0.010;130;38;5;68;370;0.03;0.03;0.005;5;0.03;5;-70;46;TiBN;;;;;;;;;;;;;;;;;;;;
0.071;1.53;0.34;0.007;0.010;110;71;5;69;380;0.03;0.03;0.005;5;0.03;5;-70;53;TiBN;;;;;;;;;;;;;;;;;;;;
0.068;1.45;0.34;0.008;0.009;130;112;5;84;339;0.03;0.03;0.005;5;0.03;5;-70;84;TiBN;;;;;;;;;;;;;;;;;;;;
0.066;1.43;0.33;0.008;0.009;120;148;5;75;351;0.03;0.03;0.005;5;0.03;5;-70;62;TiBN;;;;;;;;;;;;;;;;;;;;
0.067;1.41;0.36;0.009;0.009;120;195;5;80;367;0.03;0.03;0.005;5;0.03;5;-70;10;TiBN;;;;;;;;;;;;;;;;;;;;
0.072;1.50;0.38;0.006;0.010;260;2;5;77;291;0.03;0.03;0.005;5;0.03;5;-70;31;TiBN;;;;;;;;;;;;;;;;;;;;
0.070;1.48;0.43;0.007;0.010;260;21;5;70;314;0.03;0.03;0.005;5;0.03;5;-70;107;TiBN;;;;;;;;;;;;;;;;;;;;
0.070;1.53;0.42;0.007;0.009;290;46;5;69;292;0.03;0.03;0.005;5;0.03;5;-70;140;TiBN;;;;;;;;;;;;;;;;;;;;
0.066;1.45;0.39;0.006;0.008;270;91;5;75;255;0.03;0.03;0.005;5;0.03;5;-70;134;TiBN;;;;;;;;;;;;;;;;;;;;
0.074;1.42;0.38;0.006;0.009;270;126;5;72;269;0.03;0.03;0.005;5;0.03;5;-70;98;TiBN;;;;;;;;;;;;;;;;;;;;
0.069;1.36;0.37;0.007;0.009;250;169;5;63;253;0.03;0.03;0.005;5;0.03;5;-70;50;TiBN;;;;;;;;;;;;;;;;;;;;
0.069;1.47;0.45;0.005;0.006;410;2;5;77;282;0.03;0.03;0.005;5;0.03;5;-70;75;TiBN;;;;;;;;;;;;;;;;;;;;
0.077;1.56;0.39;0.006;0.011;400;14;5;68;286;0.03;0.03;0.005;5;0.03;5;-70;133;TiBN;;;;;;;;;;;;;;;;;;;;
0.074;1.50;0.39;0.006;0.009;410;29;5;72;275;0.03;0.03;0.005;5;0.03;5;-70;139;TiBN;;;;;;;;;;;;;;;;;;;;
0.075;1.49;0.37;0.006;0.010;370;41;5;69;282;0.03;0.03;0.005;5;0.03;5;-70;130;TiBN;;;;;;;;;;;;;;;;;;;;
0.075;1.50;0.40;0.006;0.010;390;51;5;85;297;0.03;0.03;0.005;5;0.03;5;-70;137;TiBN;;;;;;;;;;;;;;;;;;;;
0.077;1.53;0.42;0.006;0.010;430;108;5;79;298;0.03;0.03;0.005;5;0.03;5;-70;79;TiBN;;;;;;;;;;;;;;;;;;;;
0.073;1.52;0.40;0.006;0.011;390;158;5;84;290;0.03;0.03;0.005;5;0.03;5;-70;51;TiBN;;;;;;;;;;;;;;;;;;;;
0.074;1.50;0.47;0.006;0.010;580;1;5;75;292;0.03;0.03;0.005;5;0.03;5;-70;24;TiBN;;;;;;;;;;;;;;;;;;;;
0.079;1.54;0.48;0.006;0.010;610;14;5;81;276;0.03;0.03;0.005;5;0.03;5;-70;110;TiBN;;;;;;;;;;;;;;;;;;;;
0.073;1.54;0.48;0.006;0.010;520;32;5;84;294;0.03;0.03;0.005;5;0.03;5;-70;114;TiBN;;;;;;;;;;;;;;;;;;;;
0.075;1.52;0.45;0.005;0.009;610;59;5;82;280;0.03;0.03;0.005;5;0.03;5;-70;84;TiBN;;;;;;;;;;;;;;;;;;;;
0.070;1.48;0.42;0.006;0.009;610;95;5;63;298;0.03;0.03;0.005;5;0.03;5;-70;62;TiBN;;;;;;;;;;;;;;;;;;;;
0.067;1.49;0.40;0.005;0.009;640;122;5;78;305;0.03;0.03;0.005;5;0.03;5;-70;14;TiBN;;;;;;;;;;;;;;;;;;;;
0.074;1.48;0.39;0.005;0.009;660;155;5;71;320;0.03;0.03;0.005;5;0.03;5;-70;16;TiBN;;;;;;;;;;;;;;;;;;;;
0.074;1.58;0.28;0.008;0.008;5;5;5;145;402;0.03;0.03;0.005;5;0.03;5;-70;3;TiBN;;;;;;;;;;;;;;;;;;;;
0.070;1.55;0.39;0.007;0.007;7;160;5;144;396;0.03;0.03;0.005;5;0.03;5;-70;13;TiBN;;;;;;;;;;;;;;;;;;;;
0.074;1.58;0.28;0.008;0.008;5;5;5;145;402;0.03;0.03;0.005;5;0.03;5;-70;3;TiBN;;;;;;;;;;;;;;;;;;;;
0.056;1.37;0.26;0.006;0.009;36;38;5;133;360;0.03;0.03;0.005;5;0.03;5;-70;10;TiBN;;;;;;;;;;;;;;;;;;;;
0.050;1.40;0.28;0.007;0.010;40;80;5;130;385;0.03;0.03;0.005;5;0.03;5;-70;10;TiBN;;;;;;;;;;;;;;;;;;;;
0.048;1.36;0.31;0.007;0.010;45;119;5;127;299;0.03;0.03;0.005;5;0.03;5;-70;12;TiBN;;;;;;;;;;;;;;;;;;;;
0.048;1.38;0.32;0.006;0.009;45;161;5;125;325;0.03;0.03;0.005;5;0.03;5;-70;20;TiBN;;;;;;;;;;;;;;;;;;;;
0.045;1.40;0.35;0.006;0.009;47;190;5;128;325;0.03;0.03;0.005;5;0.03;5;-70;10;TiBN;;;;;;;;;;;;;;;;;;;;
0.070;1.50;0.29;0.008;0.009;120;2;5;164;341;0.03;0.03;0.005;5;0.03;5;-70;9;TiBN;;;;;;;;;;;;;;;;;;;;
0.071;1.53;0.27;0.005;0.009;120;32;5;167;315;0.03;0.03;0.005;5;0.03;5;-70;13;TiBN;;;;;;;;;;;;;;;;;;;;
0.073;1.53;0.28;0.005;0.010;130;57;5;172;313;0.03;0.03;0.005;5;0.03;5;-70;10;TiBN;;;;;;;;;;;;;;;;;;;;
0.068;1.47;0.27;0.005;0.009;110;90;5;152;265;0.03;0.03;0.005;5;0.03;5;-70;20;TiBN;;;;;;;;;;;;;;;;;;;;
0.068;1.43;0.29;0.005;0.009;110;129;5;154;308;0.03;0.03;0.005;5;0.03;5;-70;10;TiBN;;;;;;;;;;;;;;;;;;;;
0.068;1.45;0.35;0.005;0.009;100;158;5;167;311;0.03;0.03;0.005;5;0.03;5;-70;32;TiBN;;;;;;;;;;;;;;;;;;;;
0.068;1.51;0.39;0.007;0.009;300;2;5;166;278;0.03;0.03;0.005;5;0.03;5;-70;17;TiBN;;;;;;;;;;;;;;;;;;;;
0.071;1.54;0.37;0.004;0.007;200;46;5;161;289;0.03;0.03;0.005;5;0.03;5;-70;21;TiBN;;;;;;;;;;;;;;;;;;;;
0.070;1.51;0.42;0.005;0.008;210;105;5;156;271;0.03;0.03;0.005;5;0.03;5;-70;23;TiBN;;;;;;;;;;;;;;;;;;;;
0.070;1.61;0.39;0.004;0.006;210;147;5;170;269;0.03;0.03;0.005;5;0.03;5;-70;43;TiBN;;;;;;;;;;;;;;;;;;;;
0.067;1.50;0.41;0.004;0.006;230;200;5;141;274;0.03;0.03;0.005;5;0.03;5;-70;28;TiBN;;;;;;;;;;;;;;;;;;;;
0.066;1.48;0.47;0.007;0.011;410;2;5;164;285;0.03;0.03;0.005;5;0.03;5;-70;30;TiBN;;;;;;;;;;;;;;;;;;;;
0.072;1.53;0.37;0.006;0.011;370;15;5;149;291;0.03;0.03;0.005;5;0.03;5;-70;28;TiBN;;;;;;;;;;;;;;;;;;;;
0.071;1.51;0.38;0.007;0.011;410;29;5;143;285;0.03;0.03;0.005;5;0.03;5;-70;34;TiBN;;;;;;;;;;;;;;;;;;;;
0.069;1.48;0.34;0.007;0.010;370;40;5;149;281;0.03;0.03;0.005;5;0.03;5;-70;32;TiBN;;;;;;;;;;;;;;;;;;;;
0.068;1.46;0.34;0.006;0.010;350;54;5;139;284;0.03;0.03;0.005;5;0.03;5;-70;48;TiBN;;;;;;;;;;;;;;;;;;;;
0.069;1.48;0.35;0.007;0.011;350;102;5;140;277;0.03;0.03;0.005;5;0.03;5;-70;82;TiBN;;;;;;;;;;;;;;;;;;;;
0.066;1.39;0.35;0.006;0.009;360;158;5;138;290;0.03;0.03;0.005;5;0.03;5;-70;87;TiBN;;;;;;;;;;;;;;;;;;;;
0.073;1.66;0.27;0.009;0.008;5;5;5;235;399;0.03;0.03;0.005;5;0.03;5;-70;3;TiBN;;;;;;;;;;;;;;;;;;;;
0.064;1.43;0.36;0.008;0.008;5;160;5;233;426;0.03;0.03;0.005;5;0.03;5;-70;14;TiBN;;;;;;;;;;;;;;;;;;;;
0.069;1.45;0.26;0.010;0.013;29;2;5;226;391;0.03;0.03;0.005;5;0.03;5;-70;6;TiBN;;;;;;;;;;;;;;;;;;;;
0.048;1.42;0.24;0.006;0.008;35;34;5;234;310;0.03;0.03;0.005;5;0.03;5;-70;15;TiBN;;;;;;;;;;;;;;;;;;;;
0.048;1.45;0.26;0.006;0.009;38;66;5;238;308;0.03;0.03;0.005;5;0.03;5;-70;5;TiBN;;;;;;;;;;;;;;;;;;;;
0.047;1.44;0.29;0.006;0.008;41;105;5;236;287;0.03;0.03;0.005;5;0.03;5;-70;7;TiBN;;;;;;;;;;;;;;;;;;;;
0.045;1.47;0.34;0.006;0.009;45;167;5;223;308;0.03;0.03;0.005;5;0.03;5;-70;8;TiBN;;;;;;;;;;;;;;;;;;;;
0.046;1.46;0.34;0.006;0.009;46;197;5;222;351;0.03;0.03;0.005;5;0.03;5;-70;16;TiBN;;;;;;;;;;;;;;;;;;;;
0.070;1.45;0.28;0.009;0.009;120;2;5;239;315;0.03;0.03;0.005;5;0.03;5;-70;4;TiBN;;;;;;;;;;;;;;;;;;;;
0.068;1.46;0.35;0.005;0.010;120;29;5;243;314;0.03;0.03;0.005;5;0.03;5;-70;7;TiBN;;;;;;;;;;;;;;;;;;;;
0.068;1.45;0.34;0.005;0.009;120;59;5;250;335;0.03;0.03;0.005;5;0.03;5;-70;8;TiBN;;;;;;;;;;;;;;;;;;;;
0.068;1.39;0.33;0.005;0.009;110;90;5;270;314;0.03;0.03;0.005;5;0.03;5;-70;11;TiBN;;;;;;;;;;;;;;;;;;;;
0.065;1.47;0.30;0.004;0.009;110;128;5;239;319;0.03;0.03;0.005;5;0.03;5;-70;14;TiBN;;;;;;;;;;;;;;;;;;;;
0.061;1.37;0.30;0.005;0.009;100;162;5;210;310;0.03;0.03;0.005;5;0.03;5;-70;38;TiBN;;;;;;;;;;;;;;;;;;;;
0.067;1.48;0.40;0.006;0.008;320;2;5;253;286;0.03;0.03;0.005;5;0.03;5;-70;4;TiBN;;;;;;;;;;;;;;;;;;;;
0.072;1.47;0.32;0.005;0.006;190;43;5;265;248;0.03;0.03;0.005;5;0.03;5;-70;9;TiBN;;;;;;;;;;;;;;;;;;;;
0.069;1.41;0.34;0.005;0.006;210;91;5;236;261;0.03;0.03;0.005;5;0.03;5;-70;10;TiBN;;;;;;;;;;;;;;;;;;;;
0.068;1.44;0.34;0.005;0.006;210;143;5;236;270;0.03;0.03;0.005;5;0.03;5;-70;9;TiBN;;;;;;;;;;;;;;;;;;;;
0.070;1.37;0.40;0.006;0.006;250;200;5;224;269;0.03;0.03;0.005;5;0.03;5;-70;48;TiBN;;;;;;;;;;;;;;;;;;;;
0.070;1.46;0.40;0.007;0.010;430;2;5;225;299;0.03;0.03;0.005;5;0.03;5;-70;17;TiBN;;;;;;;;;;;;;;;;;;;;
0.071;1.51;0.38;0.007;0.010;410;16;5;227;287;0.03;0.03;0.005;5;0.03;5;-70;16;TiBN;;;;;;;;;;;;;;;;;;;;
0.068;1.42;0.36;0.007;0.009;380;28;5;220;299;0.03;0.03;0.005;5;0.03;5;-70;26;TiBN;;;;;;;;;;;;;;;;;;;;
0.069;1.51;0.36;0.007;0.008;410;44;5;232;292;0.03;0.03;0.005;5;0.03;5;-70;4;TiBN;;;;;;;;;;;;;;;;;;;;
0.071;1.46;0.36;0.007;0.010;370;52;5;229;284;0.03;0.03;0.005;5;0.03;5;-70;22;TiBN;;;;;;;;;;;;;;;;;;;;
0.073;1.44;0.35;0.007;0.011;360;110;5;229;285;0.03;0.03;0.005;5;0.03;5;-70;19;TiBN;;;;;;;;;;;;;;;;;;;;
0.066;1.40;0.36;0.007;0.012;390;167;5;217;297;0.03;0.03;0.005;5;0.03;5;-70;49;TiBN;;;;;;;;;;;;;;;;;;;;
0.073;1.51;0.30;0.007;0.007;5;1;5;94;449;0.03;0.03;0.005;5;0.03;5;-70;6;TiB;;;;;;;;;;;;;;;;;;;;
0.067;1.53;0.27;0.008;0.007;2;16;5;86;456;0.03;0.03;0.005;5;0.03;5;-70;6;TiB;;;;;;;;;;;;;;;;;;;;
0.071;1.58;0.29;0.007;0.006;2;28;5;84;452;0.03;0.03;0.005;5;0.03;5;-70;8;TiB;;;;;;;;;;;;;;;;;;;;
0.066;1.48;0.33;0.008;0.007;5;64;5;74;511;0.03;0.03;0.005;5;0.03;5;-70;18;TiB;;;;;;;;;;;;;;;;;;;;
0.066;1.48;0.37;0.008;0.008;5;109;5;63;493;0.03;0.03;0.005;5;0.03;5;-70;40;TiB;;;;;;;;;;;;;;;;;;;;
0.068;1.53;0.39;0.008;0.007;5;146;5;83;489;0.03;0.03;0.005;5;0.03;5;-70;70;TiB;;;;;;;;;;;;;;;;;;;;
0.064;1.49;0.40;0.007;0.005;5;195;5;85;503;0.03;0.03;0.005;5;0.03;5;-70;34;TiB;;;;;;;;;;;;;;;;;;;;
0.074;1.46;0.28;0.008;0.008;35;3;5;79;443;0.03;0.03;0.005;5;0.03;5;-70;91;TiB;;;;;;;;;;;;;;;;;;;;
0.068;1.51;0.34;0.007;0.008;33;33;5;70;470;0.03;0.03;0.005;5;0.03;5;-70;78;TiB;;;;;;;;;;;;;;;;;;;;
0.065;1.48;0.35;0.007;0.007;34;70;5;74;466;0.03;0.03;0.005;5;0.03;5;-70;50;TiB;;;;;;;;;;;;;;;;;;;;
0.064;1.43;0.36;0.007;0.007;36;112;5;71;447;0.03;0.03;0.005;5;0.03;5;-70;86;TiB;;;;;;;;;;;;;;;;;;;;
0.067;1.45;0.31;0.008;0.008;38;140;5;75;449;0.03;0.03;0.005;5;0.03;5;-70;69;TiB;;;;;;;;;;;;;;;;;;;;
0.066;1.44;0.39;0.007;0.009;45;192;5;71;435;0.03;0.03;0.005;5;0.03;5;-70;53;TiB;;;;;;;;;;;;;;;;;;;;
0.074;1.45;0.30;0.007;0.009;120;2;5;84;337;0.03;0.03;0.005;5;0.03;5;-70;20;TiB;;;;;;;;;;;;;;;;;;;;
0.071;1.55;0.35;0.007;0.010;130;38;5;68;370;0.03;0.03;0.005;5;0.03;5;-70;46;TiB;;;;;;;;;;;;;;;;;;;;
0.071;1.53;0.34;0.007;0.010;110;71;5;69;380;0.03;0.03;0.005;5;0.03;5;-70;53;TiB;;;;;;;;;;;;;;;;;;;;
0.068;1.45;0.34;0.008;0.009;130;112;5;84;339;0.03;0.03;0.005;5;0.03;5;-70;84;TiB;;;;;;;;;;;;;;;;;;;;
0.066;1.43;0.33;0.008;0.009;120;148;5;75;351;0.03;0.03;0.005;5;0.03;5;-70;62;TiB;;;;;;;;;;;;;;;;;;;;
0.067;1.41;0.36;0.009;0.009;120;195;5;80;367;0.03;0.03;0.005;5;0.03;5;-70;10;TiB;;;;;;;;;;;;;;;;;;;;
0.072;1.50;0.38;0.006;0.010;260;2;5;77;291;0.03;0.03;0.005;5;0.03;5;-70;31;TiB;;;;;;;;;;;;;;;;;;;;
0.070;1.48;0.43;0.007;0.010;260;21;5;70;314;0.03;0.03;0.005;5;0.03;5;-70;107;TiB;;;;;;;;;;;;;;;;;;;;
0.070;1.53;0.42;0.007;0.009;290;46;5;69;292;0.03;0.03;0.005;5;0.03;5;-70;140;TiB;;;;;;;;;;;;;;;;;;;;
0.066;1.45;0.39;0.006;0.008;270;91;5;75;255;0.03;0.03;0.005;5;0.03;5;-70;134;TiB;;;;;;;;;;;;;;;;;;;;
0.074;1.42;0.38;0.006;0.009;270;126;5;72;269;0.03;0.03;0.005;5;0.03;5;-70;98;TiB;;;;;;;;;;;;;;;;;;;;
0.069;1.36;0.37;0.007;0.009;250;169;5;63;253;0.03;0.03;0.005;5;0.03;5;-70;50;TiB;;;;;;;;;;;;;;;;;;;;
0.069;1.47;0.45;0.005;0.006;410;2;5;77;282;0.03;0.03;0.005;5;0.03;5;-70;75;TiB;;;;;;;;;;;;;;;;;;;;
0.077;1.56;0.39;0.006;0.011;400;14;5;68;286;0.03;0.03;0.005;5;0.03;5;-70;133;TiB;;;;;;;;;;;;;;;;;;;;
0.074;1.50;0.39;0.006;0.009;410;29;5;72;275;0.03;0.03;0.005;5;0.03;5;-70;139;TiB;;;;;;;;;;;;;;;;;;;;
0.075;1.49;0.37;0.006;0.010;370;41;5;69;282;0.03;0.03;0.005;5;0.03;5;-70;130;TiB;;;;;;;;;;;;;;;;;;;;
0.075;1.50;0.40;0.006;0.010;390;51;5;85;297;0.03;0.03;0.005;5;0.03;5;-70;137;TiB;;;;;;;;;;;;;;;;;;;;
0.077;1.53;0.42;0.006;0.010;430;108;5;79;298;0.03;0.03;0.005;5;0.03;5;-70;79;TiB;;;;;;;;;;;;;;;;;;;;
0.073;1.52;0.40;0.006;0.011;390;158;5;84;290;0.03;0.03;0.005;5;0.03;5;-70;51;TiB;;;;;;;;;;;;;;;;;;;;
0.074;1.50;0.47;0.006;0.010;580;1;5;75;292;0.03;0.03;0.005;5;0.03;5;-70;24;TiB;;;;;;;;;;;;;;;;;;;;
0.079;1.54;0.48;0.006;0.010;610;14;5;81;276;0.03;0.03;0.005;5;0.03;5;-70;110;TiB;;;;;;;;;;;;;;;;;;;;
0.073;1.54;0.48;0.006;0.010;520;32;5;84;294;0.03;0.03;0.005;5;0.03;5;-70;114;TiB;;;;;;;;;;;;;;;;;;;;
0.075;1.52;0.45;0.005;0.009;610;59;5;82;280;0.03;0.03;0.005;5;0.03;5;-70;84;TiB;;;;;;;;;;;;;;;;;;;;
0.070;1.48;0.42;0.006;0.009;610;95;5;63;298;0.03;0.03;0.005;5;0.03;5;-70;62;TiB;;;;;;;;;;;;;;;;;;;;
0.067;1.49;0.40;0.005;0.009;640;122;5;78;305;0.03;0.03;0.005;5;0.03;5;-70;14;TiB;;;;;;;;;;;;;;;;;;;;
0.074;1.48;0.39;0.005;0.009;660;155;5;71;320;0.03;0.03;0.005;5;0.03;5;-70;16;TiB;;;;;;;;;;;;;;;;;;;;
0.074;1.40;0.25;0.006;0.007;1;2;5;79;475;0.03;0.03;0.005;5;0.03;5;-70;6;TiN;;;;;;;;;;;;;;;;;;;;
0.077;1.46;0.27;0.008;0.007;28;2;5;81;459;0.03;0.03;0.005;5;0.03;5;-70;91;TiN;;;;;;;;;;;;;;;;;;;;
0.073;1.41;0.26;0.007;0.011;90;2;5;83;392;0.03;0.03;0.005;5;0.03;5;-70;33;TiN;;;;;;;;;;;;;;;;;;;;
0.074;1.45;0.30;0.007;0.009;150;2;5;84;337;0.03;0.03;0.005;5;0.03;5;-70;20;TiN;;;;;;;;;;;;;;;;;;;;
0.072;1.44;0.35;0.006;0.012;200;2;5;71;312;0.03;0.03;0.005;5;0.03;5;-70;38;TiN;;;;;;;;;;;;;;;;;;;;
0.072;1.50;0.38;0.006;0.010;260;2;5;77;291;0.03;0.03;0.005;5;0.03;5;-70;31;TiN;;;;;;;;;;;;;;;;;;;;
0.069;1.45;0.40;0.006;0.008;330;2;5;81;285;0.03;0.03;0.005;5;0.03;5;-70;34;TiN;;;;;;;;;;;;;;;;;;;;
0.069;1.47;0.45;0.005;0.006;410;2;5;77;282;0.03;0.03;0.005;5;0.03;5;-70;50;TiN;;;;;;;;;;;;;;;;;;;;
0.069;1.49;0.43;0.004;0.005;460;2;5;77;294;0.03;0.03;0.005;5;0.03;5;-70;49;TiN;;;;;;;;;;;;;;;;;;;;
0.074;1.58;0.28;0.008;0.008;5;2;5;145;404;0.03;0.03;0.005;5;0.03;5;-70;3;TiN;;;;;;;;;;;;;;;;;;;;
0.068;1.40;0.28;0.010;0.008;31;2;5;148;409;0.03;0.03;0.005;5;0.03;5;-70;10;TiN;;;;;;;;;;;;;;;;;;;;
0.069;1.50;0.31;0.008;0.008;51;2;5;160;400;0.03;0.03;0.005;5;0.03;5;-70;24;TiN;;;;;;;;;;;;;;;;;;;;
0.070;1.50;0.29;0.008;0.009;120;2;5;164;341;0.03;0.03;0.005;5;0.03;5;-70;9;TiN;;;;;;;;;;;;;;;;;;;;
0.068;1.51;0.39;0.007;0.009;300;2;5;166;278;0.03;0.03;0.005;5;0.03;5;-70;17;TiN;;;;;;;;;;;;;;;;;;;;
0.066;1.48;0.47;0.007;0.011;410;2;5;164;285;0.03;0.03;0.005;5;0.03;5;-70;30;TiN;;;;;;;;;;;;;;;;;;;;
0.070;1.50;0.45;0.004;0.006;590;2;5;155;297;0.03;0.03;0.005;5;0.03;5;-70;18;TiN;;;;;;;;;;;;;;;;;;;;
0.073;1.66;0.27;0.009;0.008;5;2;5;235;399;0.03;0.03;0.005;5;0.03;5;-70;3;TiN;;;;;;;;;;;;;;;;;;;;
0.069;1.45;0.26;0.010;0.009;29;2;5;226;391;0.03;0.03;0.005;5;0.03;5;-70;6;TiN;;;;;;;;;;;;;;;;;;;;
0.073;1.53;0.29;0.009;0.007;46;2;5;243;419;0.03;0.03;0.005;5;0.03;5;-70;16;TiN;;;;;;;;;;;;;;;;;;;;
0.070;1.45;0.28;0.009;0.009;120;2;5;239;315;0.03;0.03;0.005;5;0.03;5;-70;4;TiN;;;;;;;;;;;;;;;;;;;;
0.067;1.48;0.40;0.006;0.008;320;2;5;253;286;0.03;0.03;0.005;5;0.03;5;-70;4;TiN;;;;;;;;;;;;;;;;;;;;
0.068;1.46;0.47;0.007;0.006;450;2;5;249;297;0.03;0.03;0.005;5;0.03;5;-70;14;TiN;;;;;;;;;;;;;;;;;;;;
0.066;1.47;0.43;0.005;0.006;690;2;5;240;322;0.03;0.03;0.005;5;0.03;5;-70;13;TiN;;;;;;;;;;;;;;;;;;;;
0.061;1.44;0.33;0.005;0.009;15;2;5;66;377;0.03;0.03;0.005;120;0.03;20;-70;100;TiO2;;;;;;;;;;;;;;;;;;;;
0.076;1.40;0.41;0.005;0.006;27;2;5;82;395;0.03;0.03;0.005;120;0.03;20;-70;108;TiO2;;;;;;;;;;;;;;;;;;;;
0.073;1.38;0.44;0.004;0.006;42;2;5;73;420;0.03;0.03;0.005;120;0.03;20;-70;86;TiO2;;;;;;;;;;;;;;;;;;;;
0.071;1.42;0.44;0.008;0.006;53;2;5;76;403;0.03;0.03;0.005;120;0.03;20;-70;67;TiO2;;;;;;;;;;;;;;;;;;;;
0.073;1.44;0.46;0.008;0.006;69;2;5;77;402;0.03;0.03;0.005;120;0.03;20;-70;45;TiO2;;;;;;;;;;;;;;;;;;;;
0.070;1.40;0.45;0.004;0.007;78;2;5;77;416;0.03;0.03;0.005;120;0.03;20;-70;27;TiO2;;;;;;;;;;;;;;;;;;;;
0.078;1.46;0.39;0.003;0.009;2;2;5;50;235;0.03;0.03;0.005;5;0.03;5;-70;13;TiOX;;;;;;;;;;;;;;;;;;;;
0.078;1.49;0.38;0.003;0.009;19;2;5;59;242;0.03;0.03;0.005;5;0.03;5;-70;152;TiOX;;;;;;;;;;;;;;;;;;;;
0.082;1.49;0.37;0.003;0.009;30;2;5;59;257;0.03;0.03;0.005;5;0.03;5;-70;135;TiOX;;;;;;;;;;;;;;;;;;;;
0.084;1.42;0.36;0.003;0.009;35;2;5;46;240;0.03;0.03;0.005;5;0.03;5;-70;142;TiOX;;;;;;;;;;;;;;;;;;;;
0.087;1.41;0.37;0.003;0.009;55;2;5;53;246;0.03;0.03;0.005;5;0.03;5;-70;102;TiOX;;;;;;;;;;;;;;;;;;;;
0.088;1.48;0.41;0.003;0.009;100;2;5;53;217;0.03;0.03;0.005;5;0.03;5;-70;64;TiOX;;;;;;;;;;;;;;;;;;;;
0.083;1.66;0.35;0.004;0.010;5;2;5;58;270;0.03;0.03;0.005;5;0.03;5;-70;11;TiOX;;;;;;;;;;;;;;;;;;;;
0.082;1.69;0.35;0.004;0.010;15;2;5;58;283;0.03;0.03;0.005;5;0.03;5;-70;97;TiOX;;;;;;;;;;;;;;;;;;;;
0.085;1.63;0.34;0.004;0.010;25;2;5;68;276;0.03;0.03;0.005;5;0.03;5;-70;145;TiOX;;;;;;;;;;;;;;;;;;;;
0.080;1.64;0.34;0.004;0.010;32;2;5;66;276;0.03;0.03;0.005;5;0.03;5;-70;122;TiOX;;;;;;;;;;;;;;;;;;;;
0.083;1.58;0.37;0.004;0.009;59;2;5;68;286;0.03;0.03;0.005;5;0.03;5;-70;94;TiOX;;;;;;;;;;;;;;;;;;;;
0.087;1.60;0.38;0.004;0.011;88;2;5;75;270;0.03;0.03;0.005;5;0.03;5;-70;69;TiOX;;;;;;;;;;;;;;;;;;;;
0.081;1.35;0.32;0.005;0.011;6;2;5;80;361;0.03;0.03;0.005;5;0.03;5;-70;10;TiOX;;;;;;;;;;;;;;;;;;;;
0.083;1.37;0.33;0.006;0.012;20;2;5;76;353;0.03;0.03;0.005;5;0.03;5;-70;74;TiOX;;;;;;;;;;;;;;;;;;;;
0.081;1.52;0.37;0.006;0.013;30;2;5;88;346;0.03;0.03;0.005;5;0.03;5;-70;74;TiOX;;;;;;;;;;;;;;;;;;;;
0.086;1.54;0.39;0.006;0.014;52;2;5;86;328;0.03;0.03;0.005;5;0.03;5;-70;72;TiOX;;;;;;;;;;;;;;;;;;;;
0.086;1.45;0.34;0.005;0.013;79;2;5;87;356;0.03;0.03;0.005;5;0.03;5;-70;50;TiOX;;;;;;;;;;;;;;;;;;;;
0.085;1.47;0.42;0.006;0.011;110;2;5;79;347;0.03;0.03;0.005;5;0.03;5;-70;44;TiOX;;;;;;;;;;;;;;;;;;;;
0.078;1.27;0.29;0.007;0.008;3;2;5;90;431;0.03;0.03;0.005;5;0.03;5;-70;7;TiOX;;;;;;;;;;;;;;;;;;;;
0.078;1.31;0.30;0.006;0.007;21;2;5;87;420;0.03;0.03;0.005;5;0.03;5;-70;74;TiOX;;;;;;;;;;;;;;;;;;;;
0.085;1.40;0.35;0.007;0.008;34;2;5;94;391;0.03;0.03;0.005;5;0.03;5;-70;80;TiOX;;;;;;;;;;;;;;;;;;;;
0.081;1.27;0.36;0.007;0.007;53;2;5;91;390;0.03;0.03;0.005;5;0.03;5;-70;62;TiOX;;;;;;;;;;;;;;;;;;;;
0.075;1.30;0.40;0.008;0.008;68;2;5;84;400;0.03;0.03;0.005;5;0.03;5;-70;48;TiOX;;;;;;;;;;;;;;;;;;;;
0.075;1.34;0.42;0.007;0.009;110;2;5;99;374;0.03;0.03;0.005;5;0.03;5;-70;37;TiOX;;;;;;;;;;;;;;;;;;;;
0.074;1.45;0.33;0.005;0.005;6;2;5;90;408;0.03;0.03;0.005;120;0.03;20;-70;17;Ti;;;;;;;;;;;;;;;;;;;;
0.073;1.49;0.34;0.004;0.007;16;2;5;84;396;0.03;0.03;0.005;120;0.03;20;-70;62;Ti;;;;;;;;;;;;;;;;;;;;
0.071;1.46;0.36;0.004;0.006;22;2;5;85;400;0.03;0.03;0.005;120;0.03;20;-70;74;Ti;;;;;;;;;;;;;;;;;;;;
0.061;1.36;0.33;0.005;0.006;28;2;5;81;419;0.03;0.03;0.005;120;0.03;20;-70;107;Ti;;;;;;;;;;;;;;;;;;;;
0.070;1.48;0.32;0.005;0.006;55;2;5;75;373;0.03;0.03;0.005;120;0.03;20;-70;50;Ti;;;;;;;;;;;;;;;;;;;;
0.068;1.38;0.32;0.004;0.005;77;2;5;74;376;0.03;0.03;0.005;120;0.03;20;-70;19;Ti;;;;;;;;;;;;;;;;;;;;
0.068;1.51;0.35;0.006;0.006;100;2;5;87;351;0.03;0.03;0.005;120;0.03;20;-70;19;Ti;;;;;;;;;;;;;;;;;;;;
0.065;1.53;0.39;0.005;0.006;140;2;5;93;351;0.03;0.03;0.005;120;0.03;20;-70;16;Ti;;;;;;;;;;;;;;;;;;;;
0.070;1.64;0.48;0.005;0.006;210;2;5;102;290;0.03;0.03;0.005;120;0.03;20;-70;47;Ti;;;;;;;;;;;;;;;;;;;;
0.075;1.75;0.29;0.006;0.005;255;2;5;96;272;0.03;0.03;0.005;120;0.03;20;-70;53;Ti;;;;;;;;;;;;;;;;;;;;
