C(%);Mn(%);Si(%);S(%);P(%);Ti(ppm);B(ppm);Al(ppm);N(ppm);O(ppm);Cr(%);Ni(%);Mo(%);V(ppm);Cu(%);Nb(ppm);-120;-110;-100;-90;-80;-70;-60;-50;-40;-30;-20;-10;0;10;20;30;40
0.069;1.36;0.3;0.007;0.009;37;2;5;68;432;0.03;0.03;0.005;5;0.03;5;14;19;29;41;67;110;138;152;162;170;176;182;187;190;194;198;198
0.073;1.39;0.33;0.007;0.008;39;2;20;66;427;0.03;0.03;0.005;5;0.03;5;14;17;31;34;65;98;132;150;161;167;173;181;187;194;201;203;206
0.076;1.36;0.37;0.005;0.009;36;2;190;53;422;0.03;0.03;0.005;5;0.03;5;6;8;16;22;34;43;91;139;168;181;189;195;201;205;206;208;208
0.07;1.4;0.32;0.009;0.007;37;2;69;159;450;0.03;0.03;0.005;5;0.03;5;2;2;2;2;3;13;38;69;98;127;149;166;179;187;191;192;192
0.069;1.37;0.38;0.008;0.007;33;2;140;141;449;0.03;0.03;0.005;5;0.03;5;2;2;2;2;5;16;29;61;107;142;154;165;175;185;194;203;209
0.07;1.39;0.28;0.009;0.01;31;2;2;242;454;0.03;0.03;0.005;5;0.03;5;2;2;2;2;3;4;14;34;58;90;121;149;162;168;173;178;182
0.07;1.41;0.35;0.007;0.007;38;2;84;214;442;0.03;0.03;0.005;5;0.03;5;3;4;5;6;6;9;18;37;61;91;124;142;155;169;181;190;198
0.07;1.37;0.39;0.007;0.009;32;2;210;202;475;0.03;0.03;0.005;5;0.03;5;3;3;3;4;6;10;32;42;69;100;133;154;167;178;185;190;195
0.07;1.36;0.42;0.006;0.007;36;2;380;200;463;0.03;0.03;0.005;5;0.03;5;2;2;2;3;6;10;20;33;51;74;103;127;144;157;170;181;190
0.076;1.42;0.49;0.005;0.01;55;2;470;191;364;0.03;0.03;0.005;5;0.03;5;6;7;8;9;10;10;13;18;26;36;52;72;98;126;139;144;146
0.07;1.4;0.54;0.005;0.009;44;2;670;195;362;0.03;0.03;0.005;5;0.03;5;22;23;24;25;26;26;27;30;34;41;51;70;96;120;138;150;159
0.069;1.36;0.3;0.007;0.009;37;2;5;68;432;0.03;0.03;0.005;5;0.03;5;14;19;29;41;67;110;138;152;162;170;176;182;187;190;194;198;198
0.073;1.39;0.33;0.007;0.008;39;2;20;66;427;0.03;0.03;0.005;5;0.03;5;14;17;31;34;65;98;132;150;161;167;173;181;187;194;201;203;206
0.076;1.36;0.37;0.005;0.009;36;2;190;53;422;0.03;0.03;0.005;5;0.03;5;6;8;16;22;34;43;91;139;168;181;189;195;201;205;206;208;208
0.074;1.48;0.35;0.006;0.007;34;2;5;75;400;0.03;0.03;0.005;5;0.03;5;8;11;16;38;68;97;123;145;160;174;184;190;195;195;195;195;195
0.077;1.5;0.37;0.005;0.007;53;2;69;67;406;0.03;0.03;0.005;5;0.03;5;3;3;3;11;26;57;98;144;166;178;190;201;211;211;211;211;211
0.077;1.52;0.34;0.005;0.006;33;2;4;65;324;0.03;0.03;0.005;5;0.03;5;3;6;12;42;84;125;151;171;184;190;192;192;192;192;192;192;192
0.071;1.44;0.36;0.007;0.005;460;2;67;94;373;0.03;0.03;0.005;5;0.03;5;14;16;18;19;22;26;50;88;144;175;197;211;218;221;221;221;221
0.071;1.39;0.42;0.007;0.005;420;2;150;65;446;0.03;0.03;0.005;5;0.03;5;7;7;7;11;19;36;78;130;170;186;195;202;208;214;221;224;226
0.071;1.44;0.52;0.005;0.005;460;2;300;67;466;0.03;0.03;0.005;5;0.03;5;13;14;14;15;16;18;42;93;126;139;150;160;170;178;187;198;206
0.069;1.41;0.54;0.005;0.005;460;2;420;58;439;0.03;0.03;0.005;5;0.03;5;2;2;2;3;6;15;35;70;111;143;158;170;181;191;202;206;210
0.067;1.4;0.57;0.005;0.005;450;2;500;60;451;0.03;0.03;0.005;5;0.03;5;6;6;6;10;22;38;59;84;110;133;155;168;174;176;176;176;176
0.066;1.48;0.47;0.007;0.005;410;2;2;164;285;0.03;0.03;0.005;5;0.03;5;13;14;16;19;25;34;72;119;164;178;187;190;192;192;192;192;192
0.068;1.46;0.47;0.007;0.005;450;2;7;249;297;0.03;0.03;0.005;5;0.03;5;2;2;2;2;7;20;38;67;106;146;164;176;191;203;215;221;224
0.064;1.36;0.57;0.007;0.005;400;2;133;243;388;0.03;0.03;0.005;5;0.03;5;2;2;2;2;4;6;10;14;18;24;48;77;117;157;195;198;198
0.076;1.36;0.34;0.005;0.011;5;2;150;57;476;0.03;0.03;0.005;5;0.03;5;6;6;6;6;10;18;26;38;54;75;100;129;155;177;187;194;198
0.069;1.36;0.3;0.007;0.009;37;2;5;68;432;0.03;0.03;0.005;5;0.03;5;14;19;29;41;67;110;138;152;162;170;176;182;187;190;194;198;198
0.073;1.39;0.33;0.007;0.008;39;2;20;66;427;0.03;0.03;0.005;5;0.03;5;14;17;31;34;65;98;132;150;161;167;173;181;187;194;201;203;206
0.076;1.36;0.37;0.005;0.009;36;2;190;53;422;0.03;0.03;0.005;5;0.03;5;6;8;16;22;34;43;91;139;168;181;189;195;201;205;206;208;208
0.074;1.5;0.32;0.006;0.006;99;2;8;89;375;0.03;0.03;0.005;5;0.03;5;6;6;6;10;29;34;65;109;149;165;178;187;194;196;197;198;198
0.074;1.41;0.27;0.007;0.006;88;2;47;70;407;0.03;0.03;0.005;5;0.03;5;2;2;2;2;4;10;24;39;58;104;178;203;211;211;211;211;211
0.071;1.36;0.39;0.005;0.009;92;2;160;52;381;0.03;0.03;0.005;5;0.03;5;10;10;11;13;16;26;80;131;170;184;196;209;218;224;229;229;229
0.069;1.36;0.45;0.005;0.008;63;2;280;44;374;0.03;0.03;0.005;5;0.03;5;10;10;11;12;14;19;100;144;174;186;197;206;213;219;224;227;228
0.074;1.36;0.41;0.005;0.005;260;2;320;49;418;0.03;0.03;0.005;5;0.03;5;11;12;14;16;18;22;34;83;133;162;177;187;194;198;198;199;200
0.071;1.44;0.36;0.007;0.005;460;2;67;94;373;0.03;0.03;0.005;5;0.03;5;14;16;18;19;22;26;50;88;144;175;197;211;218;221;221;221;221
0.071;1.39;0.42;0.007;0.005;420;2;150;65;446;0.03;0.03;0.005;5;0.03;5;7;7;7;11;19;36;78;130;170;186;195;202;208;214;221;224;226
0.071;1.44;0.52;0.005;0.005;460;2;300;67;466;0.03;0.03;0.005;5;0.03;5;13;14;14;15;16;18;42;93;126;139;150;160;170;178;187;198;206
0.069;1.41;0.54;0.005;0.005;460;2;420;58;439;0.03;0.03;0.005;5;0.03;5;2;2;2;3;6;15;35;70;111;143;158;170;181;191;202;206;210
0.067;1.4;0.57;0.005;0.005;450;2;500;60;451;0.03;0.03;0.005;5;0.03;5;6;6;6;10;22;38;59;84;110;133;155;168;174;176;176;176;176
0.07;1.59;0.33;0.006;0.007;5;2;5;93;448;0.03;0.03;0.005;5;0.03;5;6;6;6;7;8;11;17;21;29;69;109;122;130;135;142;144;146
0.073;1.51;0.3;0.007;0.007;5;1;5;94;449;0.03;0.03;0.005;5;0.03;5;3;4;6;6;7;9;14;24;43;68;90;110;133;155;178;182;182
0.067;1.53;0.27;0.008;0.007;2;16;5;86;456;0.03;0.03;0.005;5;0.03;5;1;2;2;3;5;6;13;26;38;54;74;103;126;142;153;162;166
0.071;1.58;0.29;0.007;0.006;2;28;5;84;452;0.03;0.03;0.005;5;0.03;5;2;3;4;5;6;8;19;36;51;70;88;108;126;144;158;171;178
0.066;1.48;0.33;0.008;0.007;5;64;5;74;511;0.03;0.03;0.005;5;0.03;5;4;5;6;6;10;18;34;52;70;87;102;117;130;142;155;166;176
0.066;1.48;0.37;0.008;0.008;5;109;5;63;493;0.03;0.03;0.005;5;0.03;5;2;2;3;8;21;40;58;77;96;112;130;148;165;178;187;196;202
0.068;1.53;0.39;0.008;0.007;5;146;5;83;489;0.03;0.03;0.005;5;0.03;5;2;6;16;32;51;70;86;100;118;137;149;154;156;156;156;156;156
0.064;1.49;0.4;0.007;0.005;5;195;5;85;503;0.03;0.03;0.005;5;0.03;5;3;6;10;16;24;34;51;70;88;107;125;141;155;169;175;179;181
0.074;1.58;0.28;0.008;0.008;5;5;5;145;402;0.03;0.03;0.005;5;0.03;5;1;1;2;2;2;3;4;10;15;22;32;50;81;116;140;163;169
0.07;1.55;0.39;0.007;0.007;7;160;5;144;396;0.03;0.03;0.005;5;0.03;5;3;5;6;8;10;13;20;30;46;66;93;118;139;147;150;152;152
0.073;1.51;0.3;0.007;0.007;5;1;5;94;419;0.03;0.03;0.005;5;0.03;5;3;4;6;6;7;9;14;24;43;68;90;110;133;155;178;182;182
0.067;1.53;0.27;0.008;0.007;2;16;5;86;419;0.03;0.03;0.005;5;0.03;5;1;2;2;3;5;6;13;26;38;54;74;103;126;142;153;162;166
0.071;1.58;0.29;0.007;0.006;2;28;5;84;406;0.03;0.03;0.005;5;0.03;5;2;3;4;5;6;8;19;36;51;70;88;108;126;144;158;171;178
0.066;1.48;0.33;0.008;0.007;5;64;5;74;523;0.03;0.03;0.005;5;0.03;5;4;5;6;6;10;18;34;52;70;87;102;117;130;142;155;166;176
0.066;1.48;0.37;0.008;0.008;5;109;5;63;493;0.03;0.03;0.005;5;0.03;5;2;2;3;8;21;40;58;77;96;112;130;148;165;178;187;196;202
0.068;1.53;0.39;0.008;0.007;5;146;5;83;489;0.03;0.03;0.005;5;0.03;5;2;6;16;32;51;70;86;100;118;137;149;154;156;156;156;156;156
0.064;1.49;0.4;0.007;0.005;5;195;5;85;503;0.03;0.03;0.005;5;0.03;5;3;6;10;16;24;34;51;70;88;107;125;141;155;169;175;179;181
0.074;1.46;0.28;0.008;0.008;35;3;5;79;443;0.03;0.03;0.005;5;0.03;5;3;5;10;24;56;91;122;146;162;174;184;191;196;200;202;202;202
0.068;1.51;0.34;0.007;0.008;33;33;5;70;470;0.03;0.03;0.005;5;0.03;5;7;10;18;36;57;78;99;119;137;154;165;186;192;194;194;194;194
0.065;1.48;0.35;0.007;0.007;34;70;5;74;466;0.03;0.03;0.005;5;0.03;5;5;8;14;22;33;50;75;116;142;159;170;176;179;181;181;181;181
0.064;1.43;0.36;0.007;0.007;36;112;5;71;447;0.03;0.03;0.005;5;0.03;5;4;8;16;35;58;86;114;135;153;164;174;182;187;187;187;187;187
0.067;1.45;0.31;0.008;0.008;38;140;5;75;449;0.03;0.03;0.005;5;0.03;5;3;8;14;26;42;69;101;131;155;167;173;174;177;178;178;178;178
0.066;1.44;0.39;0.007;0.009;45;192;5;71;435;0.03;0.03;0.005;5;0.03;5;3;5;7;10;19;53;76;100;121;137;150;159;165;169;171;171;171
0.074;1.45;0.3;0.007;0.009;120;2;5;84;337;0.03;0.03;0.005;5;0.03;5;7;10;13;15;18;20;23;60;115;150;161;171;182;193;203;210;214
0.071;1.55;0.35;0.007;0.01;130;38;5;68;399;0.03;0.03;0.005;5;0.03;5;2;3;4;8;22;46;86;132;159;179;198;211;219;221;221;221;221
0.071;1.53;0.34;0.007;0.01;110;71;5;69;392;0.03;0.03;0.005;5;0.03;5;2;3;5;11;27;53;88;122;147;165;179;188;194;194;194;194;194
0.068;1.45;0.34;0.008;0.009;130;112;5;84;339;0.03;0.03;0.005;5;0.03;5;4;4;4;15;50;84;115;142;168;182;190;192;192;192;192;192;192
0.066;1.43;0.33;0.008;0.009;120;148;5;75;351;0.03;0.03;0.005;5;0.03;5;3;3;3;12;35;62;100;130;150;162;172;179;182;182;182;182;182
0.067;1.41;0.36;0.009;0.009;120;195;5;80;367;0.03;0.03;0.005;5;0.03;5;2;3;6;6;8;10;15;41;100;134;150;160;167;173;179;186;189
0.072;1.5;0.38;0.006;0.01;260;2;5;77;291;0.03;0.03;0.005;5;0.03;5;2;2;3;4;10;31;83;125;163;181;191;200;209;214;220;225;226
0.07;1.48;0.43;0.007;0.01;260;21;5;70;314;0.03;0.03;0.005;5;0.03;5;2;2;9;39;70;107;139;177;194;221;232;234;234;234;234;234;234
0.07;1.53;0.42;0.007;0.009;290;46;5;69;292;0.03;0.03;0.005;5;0.03;5;3;4;11;86;110;140;165;180;194;204;211;214;216;216;216;216;216
0.066;1.45;0.39;0.006;0.008;270;91;5;75;255;0.03;0.03;0.005;5;0.03;5;4;6;15;53;102;134;163;180;190;198;204;208;211;212;213;214;214
0.074;1.42;0.38;0.006;0.009;270;126;5;72;269;0.03;0.03;0.005;5;0.03;5;2;2;6;35;70;98;122;146;166;180;191;200;206;206;208;208;208
0.069;1.36;0.37;0.007;0.009;250;169;5;63;253;0.03;0.03;0.005;5;0.03;5;1;2;2;6;26;50;74;104;128;149;166;178;187;192;195;196;197
0.069;1.47;0.45;0.005;0.006;410;2;5;77;282;0.03;0.03;0.005;5;0.03;5;2;3;4;10;38;75;114;150;178;192;202;212;219;223;226;226;226
0.077;1.56;0.39;0.006;0.011;400;14;5;68;286;0.03;0.03;0.005;5;0.03;5;3;6;12;54;94;133;154;170;186;202;208;224;226;227;227;227;227
0.074;1.5;0.39;0.006;0.009;410;29;5;72;275;0.03;0.03;0.005;5;0.03;5;2;9;38;72;106;139;159;169;177;184;192;200;207;213;213;213;213
0.075;1.49;0.37;0.006;0.01;370;41;5;69;282;0.03;0.03;0.005;5;0.03;5;14;39;63;86;110;130;150;170;186;199;210;220;229;232;234;234;234
0.075;1.5;0.4;0.006;0.01;390;51;5;85;297;0.03;0.03;0.005;5;0.03;5;8;22;47;76;109;137;159;170;179;189;198;206;214;219;222;224;224
0.077;1.53;0.42;0.006;0.01;430;108;5;79;298;0.03;0.03;0.005;5;0.03;5;8;11;20;49;60;79;106;134;160;180;194;198;198;198;198;198;198
0.073;1.52;0.4;0.006;0.011;390;158;5;84;290;0.03;0.03;0.005;5;0.03;5;3;4;6;10;28;51;81;110;136;154;172;188;201;208;212;214;216
0.074;1.5;0.47;0.006;0.01;580;1;5;75;292;0.03;0.03;0.005;5;0.03;5;6;6;7;10;14;24;76;124;155;171;182;194;204;212;218;223;226
0.073;1.54;0.48;0.006;0.01;520;32;5;84;294;0.03;0.03;0.005;5;0.03;5;6;14;35;62;89;114;134;150;164;175;184;192;197;201;202;202;202
0.075;1.52;0.45;0.005;0.009;610;59;5;82;280;0.03;0.03;0.005;5;0.03;5;2;3;6;13;52;84;118;148;164;178;185;188;190;191;192;192;192
0.07;1.48;0.42;0.006;0.009;610;95;5;63;298;0.03;0.03;0.005;5;0.03;5;2;2;3;11;34;62;87;113;138;155;167;174;180;182;182;182;182
0.067;1.49;0.4;0.005;0.009;640;122;5;78;305;0.03;0.03;0.005;5;0.03;5;1;2;2;3;4;14;39;71;106;131;148;162;174;179;182;182;182
0.074;1.48;0.39;0.005;0.009;660;155;5;71;320;0.03;0.03;0.005;5;0.03;5;2;3;4;6;11;16;22;30;54;85;118;145;165;174;178;178;178
0.077;1.46;0.27;0.008;0.007;28;3;5;81;459;0.03;0.03;0.005;5;0.03;5;3;5;10;24;56;91;122;146;162;174;184;191;196;200;202;202;202
0.074;1.4;0.25;0.008;0.007;1;1;6;79;475;0.03;0.03;0.005;5;0.03;5;2;2;2;2;3;6;9;18;30;42;64;121;158;166;174;180;186
0.077;1.46;0.27;0.008;0.007;28;3;5;81;459;0.03;0.03;0.005;5;0.03;5;3;5;10;24;56;91;122;146;162;174;184;191;196;200;202;202;202
0.069;1.47;0.45;0.005;0.006;410;2;1;77;282;0.03;0.03;0.005;5;0.03;5;3;4;5;8;22;50;107;157;176;186;196;204;212;218;219;220;221
0.07;1.57;0.45;0.006;0.01;390;39;13;83;308;0.03;0.03;0.005;5;0.03;5;8;13;26;65;106;138;166;188;201;206;207;208;208;208;208;208;208
0.072;1.56;0.49;0.007;0.01;420;48;160;67;438;0.03;0.03;0.005;5;0.03;5;10;14;29;65;112;146;166;178;190;202;214;226;237;240;240;240;240
0.064;1.49;0.4;0.007;0.005;5;195;5;85;503;0.03;0.03;0.005;5;0.03;5;3;6;10;16;24;34;51;70;88;107;125;141;155;169;175;179;181
0.073;1.52;0.4;0.006;0.011;390;158;5;84;290;0.03;0.03;0.005;5;0.03;5;3;4;6;10;28;51;81;110;136;154;172;188;201;208;212;214;216
0.074;1.58;0.28;0.008;0.008;5;5;5;145;404;0.03;0.03;0.005;5;0.03;5;1;1;2;2;2;3;4;10;15;22;32;50;81;116;140;163;169
0.066;1.48;0.47;0.007;0.011;410;2;5;164;285;0.03;0.03;0.005;5;0.03;5;2;2;3;6;14;30;46;72;118;153;166;174;184;194;202;205;210
0.069;1.48;0.34;0.007;0.01;370;40;5;149;281;0.03;0.03;0.005;5;0.03;5;2;6;9;12;19;33;59;93;125;149;159;164;166;168;168;168;168
0.07;1.45;0.43;0.006;0.01;470;37;170;130;439;0.03;0.03;0.005;5;0.03;5;2;2;2;5;7;18;35;70;112;149;173;187;195;198;200;200;200
0.07;1.55;0.39;0.007;0.007;7;160;6;144;396;0.03;0.03;0.005;5;0.03;5;3;5;6;8;10;13;20;30;46;66;93;118;139;147;150;152;152
0.066;1.39;0.35;0.006;0.009;360;158;5;138;290;0.03;0.03;0.005;5;0.03;5;2;3;8;27;53;87;120;140;154;165;172;179;183;186;186;186;186
0.068;1.46;0.47;0.007;0.006;450;2;5;249;297;0.03;0.03;0.005;5;0.03;5;2;2;3;6;8;14;26;38;54;100;130;146;158;168;179;187;197
0.069;1.51;0.36;0.007;0.008;410;44;5;232;292;0.03;0.03;0.005;5;0.03;5;13;14;15;17;18;19;24;36;54;82;110;133;144;144;144;144;144
0.068;1.45;0.5;0.006;0.011;470;45;180;230;440;0.03;0.03;0.005;5;0.03;5;2;2;2;2;2;2;3;7;11;18;27;38;59;86;121;142;154
0.064;1.43;0.36;0.008;0.008;5;160;5;233;426;0.03;0.03;0.005;5;0.03;5;4;6;7;9;10;14;18;23;32;46;72;106;132;141;143;144;144
0.066;1.4;0.36;0.007;0.012;390;167;5;217;297;0.03;0.03;0.005;5;0.03;5;2;2;4;12;30;49;74;104;128;143;152;158;160;162;162;162;162
0.069;1.42;0.6;0.006;0.012;430;35;560;235;470;0.03;0.03;0.005;5;0.03;5;2;2;2;2;6;29;59;88;113;134;149;158;164;168;170;170;170
0.066;1.37;0.2;0.007;0.006;50;2;5;55;436;0.03;0.03;0.005;5;0.03;5;2;2;2;3;20;64;131;168;192;206;217;222;225;226;227;227;227
0.066;1.42;0.37;0.007;0.008;75;2;5;55;415;0.03;0.03;0.005;5;0.03;5;2;2;3;8;33;64;111;152;178;197;210;218;221;223;224;224;224
0.07;1.57;0.45;0.006;0.01;390;39;13;83;308;0.03;0.03;0.005;5;0.03;5;8;13;26;65;106;138;166;188;201;206;207;208;208;208;208;208;208
0.07;1.53;0.44;0.007;0.01;450;48;68;82;370;0.03;0.03;0.005;5;0.03;5;8;13;24;62;114;150;166;178;190;202;214;226;234;238;240;240;240
0.07;1.56;0.49;0.007;0.01;420;48;160;67;438;0.03;0.03;0.005;5;0.03;5;10;14;29;65;112;146;166;178;190;202;214;226;237;240;240;240;240
0.07;1.51;0.57;0.007;0.012;460;51;310;60;482;0.03;0.03;0.005;5;0.03;5;14;16;19;26;34;46;70;96;122;148;170;181;184;184;184;184;184
0.07;1.53;0.6;0.006;0.01;440;54;380;53;473;0.03;0.03;0.005;5;0.03;5;2;3;6;9;14;26;42;62;91;122;154;182;186;188;189;189;189
0.07;1.48;0.34;0.007;0.01;370;40;5;149;281;0.03;0.03;0.005;5;0.03;5;5;6;9;12;19;33;59;93;125;149;159;164;166;168;168;168;168
0.07;1.49;0.34;0.007;0.01;410;36;61;150;382;0.03;0.03;0.005;5;0.03;5;2;2;2;3;6;14;49;84;118;142;155;167;180;190;200;205;206
0.07;1.45;0.43;0.006;0.01;470;37;170;130;439;0.03;0.03;0.005;5;0.03;5;2;2;2;5;7;18;35;70;112;149;173;187;195;198;200;200;200
0.07;1.43;0.43;0.005;0.01;490;41;330;120;489;0.03;0.03;0.005;5;0.03;5;2;2;3;10;24;66;99;134;156;171;184;194;204;206;208;208;208
0.07;1.44;0.55;0.005;0.01;460;48;460;120;479;0.03;0.03;0.005;5;0.03;5;2;2;6;14;28;53;85;117;142;162;178;187;192;192;192;192;192
0.07;1.51;0.36;0.007;0.008;410;44;5;232;292;0.03;0.03;0.005;5;0.03;5;13;14;15;17;18;19;24;36;54;82;110;133;144;144;144;144;144
0.07;1.38;0.35;0.007;0.012;500;38;62;245;412;0.03;0.03;0.005;5;0.03;5;2;2;2;2;2;2;3;5;12;34;56;82;110;131;146;154;158
0.07;1.45;0.5;0.006;0.011;470;45;180;230;440;0.03;0.03;0.005;5;0.03;5;2;2;2;2;2;2;3;7;11;18;27;38;59;86;121;142;154
0.07;1.38;0.52;0.006;0.011;410;35;380;225;478;0.03;0.03;0.005;5;0.03;5;2;2;2;3;5;7;14;23;36;51;80;112;143;150;155;158;162
0.07;1.42;0.6;0.006;0.012;430;35;560;235;470;0.03;0.03;0.005;5;0.03;5;2;2;2;2;6;29;59;88;113;134;149;158;164;168;170;170;170
0.073;1.51;0.3;0.007;0.007;5;1;5;94;449;0.03;0.03;0.005;5;0.03;5;2;2;2;2;3;6;9;18;30;42;64;121;158;166;174;180;186
0.067;1.53;0.27;0.008;0.007;2;16;5;86;456;0.03;0.03;0.005;5;0.03;5;1;2;2;3;5;6;13;26;38;54;74;103;126;142;153;162;166
0.071;1.58;0.29;0.007;0.006;2;28;5;84;452;0.03;0.03;0.005;5;0.03;5;2;3;4;5;6;8;19;36;51;70;88;108;126;144;158;171;178
0.066;1.48;0.33;0.008;0.007;5;64;5;74;511;0.03;0.03;0.005;5;0.03;5;4;5;6;6;10;18;34;52;70;87;102;117;130;142;155;166;176
0.066;1.48;0.37;0.008;0.008;5;109;5;63;493;0.03;0.03;0.005;5;0.03;5;2;2;3;8;21;40;58;77;96;112;130;148;165;178;187;196;202
0.068;1.53;0.39;0.008;0.007;5;146;5;83;489;0.03;0.03;0.005;5;0.03;5;2;6;16;32;51;70;86;100;118;137;149;154;156;156;156;156;156
0.064;1.49;0.4;0.007;0.005;5;195;5;85;503;0.03;0.03;0.005;5;0.03;5;3;6;10;16;24;34;51;70;88;107;125;141;155;169;175;179;181
0.074;1.46;0.28;0.008;0.008;35;3;5;79;443;0.03;0.03;0.005;5;0.03;5;3;5;10;24;56;91;122;146;162;174;184;191;196;200;202;202;202
0.068;1.51;0.34;0.007;0.008;33;33;5;70;470;0.03;0.03;0.005;5;0.03;5;7;10;18;36;57;78;99;119;137;154;165;186;192;194;194;194;194
0.065;1.48;0.35;0.007;0.007;34;70;5;74;466;0.03;0.03;0.005;5;0.03;5;5;8;14;22;33;50;75;116;142;159;170;176;179;181;181;181;181
0.064;1.43;0.36;0.007;0.007;36;112;5;71;447;0.03;0.03;0.005;5;0.03;5;4;8;16;35;58;86;114;135;153;164;174;182;187;187;187;187;187
0.067;1.45;0.31;0.008;0.008;38;140;5;75;449;0.03;0.03;0.005;5;0.03;5;3;8;14;26;42;69;101;131;155;167;173;174;177;178;178;178;178
0.066;1.44;0.39;0.007;0.009;45;192;5;71;435;0.03;0.03;0.005;5;0.03;5;3;5;7;10;19;53;76;100;121;137;150;159;165;169;171;171;171
0.074;1.45;0.3;0.007;0.009;120;2;5;84;337;0.03;0.03;0.005;5;0.03;5;7;10;13;15;18;20;23;60;115;150;161;171;182;193;203;210;214
0.071;1.55;0.35;0.007;0.01;130;38;5;68;370;0.03;0.03;0.005;5;0.03;5;2;3;4;8;22;46;86;132;159;179;198;211;219;221;221;221;221
0.071;1.53;0.34;0.007;0.01;110;71;5;69;380;0.03;0.03;0.005;5;0.03;5;2;3;5;11;27;53;88;122;147;165;179;188;194;194;194;194;194
0.068;1.45;0.34;0.008;0.009;130;112;5;84;339;0.03;0.03;0.005;5;0.03;5;4;4;4;15;50;84;115;142;168;182;190;192;192;192;192;192;192
0.066;1.43;0.33;0.008;0.009;120;148;5;75;351;0.03;0.03;0.005;5;0.03;5;3;3;3;12;35;62;100;130;150;162;172;179;182;182;182;182;182
0.067;1.41;0.36;0.009;0.009;120;195;5;80;367;0.03;0.03;0.005;5;0.03;5;2;3;6;6;8;10;15;41;100;134;150;160;167;173;179;186;189
0.072;1.5;0.38;0.006;0.01;260;2;5;77;291;0.03;0.03;0.005;5;0.03;5;2;2;3;4;10;31;83;125;163;181;191;200;209;214;220;225;226
0.07;1.48;0.43;0.007;0.01;260;21;5;70;314;0.03;0.03;0.005;5;0.03;5;2;2;9;39;70;107;139;177;194;221;232;234;234;234;234;234;234
0.07;1.53;0.42;0.007;0.009;290;46;5;69;292;0.03;0.03;0.005;5;0.03;5;3;4;11;86;110;140;165;180;194;204;211;214;216;216;216;216;216
0.066;1.45;0.39;0.006;0.008;270;91;5;75;255;0.03;0.03;0.005;5;0.03;5;4;6;15;53;102;134;163;180;190;198;204;208;211;212;213;214;214
0.074;1.42;0.38;0.006;0.009;270;126;5;72;269;0.03;0.03;0.005;5;0.03;5;2;2;6;35;70;98;122;146;166;180;191;200;206;206;208;208;208
0.069;1.36;0.37;0.007;0.009;250;169;5;63;253;0.03;0.03;0.005;5;0.03;5;1;2;2;6;26;50;74;104;128;149;166;178;187;192;195;196;197
0.069;1.47;0.45;0.005;0.006;410;2;5;77;282;0.03;0.03;0.005;5;0.03;5;2;3;4;10;38;75;114;150;178;192;202;212;219;223;226;226;226
0.077;1.56;0.39;0.006;0.011;400;14;5;68;286;0.03;0.03;0.005;5;0.03;5;3;6;12;54;94;133;154;170;186;202;208;224;226;227;227;227;227
0.074;1.5;0.39;0.006;0.009;410;29;5;72;275;0.03;0.03;0.005;5;0.03;5;2;9;38;72;106;139;159;169;177;184;192;200;207;213;213;213;213
0.075;1.49;0.37;0.006;0.01;370;41;5;69;282;0.03;0.03;0.005;5;0.03;5;14;39;63;86;110;130;150;170;186;199;210;220;229;232;234;234;234
0.075;1.5;0.4;0.006;0.01;390;51;5;85;297;0.03;0.03;0.005;5;0.03;5;8;22;47;76;109;137;159;170;179;189;198;206;214;219;222;224;224
0.077;1.53;0.42;0.006;0.01;430;108;5;79;298;0.03;0.03;0.005;5;0.03;5;8;11;20;49;60;79;106;134;160;180;194;198;198;198;198;198;198
0.073;1.52;0.4;0.006;0.011;390;158;5;84;290;0.03;0.03;0.005;5;0.03;5;3;4;6;10;28;51;81;110;136;154;172;188;201;208;212;214;216
0.074;1.5;0.47;0.006;0.01;580;1;5;75;292;0.03;0.03;0.005;5;0.03;5;6;6;7;10;14;24;76;124;155;171;182;194;204;212;218;223;226
0.073;1.54;0.48;0.006;0.01;520;32;5;84;294;0.03;0.03;0.005;5;0.03;5;6;14;35;62;89;114;134;150;164;175;184;192;197;201;202;202;202
0.075;1.52;0.45;0.005;0.009;610;59;5;82;280;0.03;0.03;0.005;5;0.03;5;2;3;6;13;52;84;118;148;164;178;185;188;190;191;192;192;192
0.07;1.48;0.42;0.006;0.009;610;95;5;63;298;0.03;0.03;0.005;5;0.03;5;2;2;3;11;34;62;87;113;138;155;167;174;180;182;182;182;182
0.067;1.49;0.4;0.005;0.009;640;122;5;78;305;0.03;0.03;0.005;5;0.03;5;1;2;2;3;4;14;39;71;106;131;148;162;174;179;182;182;182
0.074;1.48;0.39;0.005;0.009;660;155;5;71;320;0.03;0.03;0.005;5;0.03;5;2;3;4;6;11;16;22;30;54;85;118;145;165;174;178;178;178
0.074;1.58;0.28;0.008;0.008;5;5;5;145;402;0.03;0.03;0.005;5;0.03;5;1;1;2;2;2;3;4;10;15;22;32;50;81;116;140;163;169
0.07;1.55;0.39;0.007;0.007;7;160;5;144;396;0.03;0.03;0.005;5;0.03;5;3;5;6;8;10;13;20;30;46;66;93;118;139;147;150;152;152
0.074;1.58;0.28;0.008;0.008;5;5;5;145;402;0.03;0.03;0.005;5;0.03;5;1;1;2;2;2;3;4;10;15;22;32;50;81;116;140;163;169
0.07;1.5;0.29;0.008;0.009;120;2;5;164;341;0.03;0.03;0.005;5;0.03;5;2;2;2;2;4;9;18;31;51;98;127;144;159;173;186;196;206
0.071;1.53;0.27;0.005;0.009;120;32;5;167;315;0.03;0.03;0.005;5;0.03;5;2;2;2;3;6;13;28;46;85;133;162;172;179;186;188;190;190
0.073;1.53;0.28;0.005;0.01;130;57;5;172;313;0.03;0.03;0.005;5;0.03;5;2;2;2;3;6;10;18;46;83;126;150;165;175;180;184;186;186
0.068;1.47;0.27;0.005;0.009;110;90;5;152;265;0.03;0.03;0.005;5;0.03;5;2;2;2;2;6;20;42;76;110;137;155;170;176;178;178;178;178
0.068;1.43;0.29;0.005;0.009;110;129;5;154;308;0.03;0.03;0.005;5;0.03;5;3;3;3;6;7;10;50;84;119;141;149;155;159;162;164;166;167
0.068;1.45;0.35;0.005;0.009;100;158;5;167;311;0.03;0.03;0.005;5;0.03;5;2;2;3;6;14;32;57;90;117;140;158;168;173;173;173;173;173
0.068;1.51;0.39;0.007;0.009;300;2;5;166;278;0.03;0.03;0.005;5;0.03;5;2;2;2;3;7;17;34;54;81;117;150;176;195;200;200;200;200
0.07;1.51;0.42;0.005;0.008;210;105;5;156;271;0.03;0.03;0.005;5;0.03;5;2;2;2;2;7;23;43;74;110;130;146;162;173;179;180;180;180
0.066;1.48;0.47;0.007;0.011;410;2;5;164;285;0.03;0.03;0.005;5;0.03;5;2;2;3;6;14;30;46;72;118;153;166;174;184;194;202;205;210
0.072;1.53;0.37;0.006;0.011;370;15;5;149;291;0.03;0.03;0.005;5;0.03;5;2;3;5;9;14;28;53;91;130;150;159;165;168;168;168;168;168
0.071;1.51;0.38;0.007;0.011;410;29;5;143;285;0.03;0.03;0.005;5;0.03;5;2;3;6;12;19;34;62;92;120;144;160;162;162;162;162;162;162
0.069;1.48;0.34;0.007;0.01;370;40;5;149;281;0.03;0.03;0.005;5;0.03;5;2;5;8;12;19;32;59;93;125;150;158;164;165;166;166;166;168
0.068;1.46;0.34;0.006;0.01;350;54;5;139;284;0.03;0.03;0.005;5;0.03;5;2;2;6;14;30;48;72;106;134;147;154;160;164;165;166;166;166
0.069;1.48;0.35;0.007;0.011;350;102;5;140;277;0.03;0.03;0.005;5;0.03;5;2;2;3;10;42;82;112;139;155;164;170;171;171;171;171;171;171
0.066;1.39;0.35;0.006;0.009;360;158;5;138;290;0.03;0.03;0.005;5;0.03;5;2;3;8;27;53;87;120;140;154;165;172;179;183;186;186;186;186
0.064;1.43;0.36;0.008;0.008;5;160;5;233;426;0.03;0.03;0.005;5;0.03;5;4;6;7;9;10;14;18;23;32;46;72;106;132;141;143;144;144
0.07;1.45;0.28;0.009;0.009;120;2;5;239;315;0.03;0.03;0.005;5;0.03;5;2;2;2;2;2;4;13;31;52;78;109;132;154;160;165;168;168
0.068;1.46;0.35;0.005;0.01;120;29;5;243;314;0.03;0.03;0.005;5;0.03;5;2;2;2;2;5;7;18;35;56;90;122;148;166;180;189;194;196
0.068;1.45;0.34;0.005;0.009;120;59;5;250;335;0.03;0.03;0.005;5;0.03;5;2;2;2;2;4;8;18;30;58;80;105;130;150;166;173;174;175
0.068;1.39;0.33;0.005;0.009;110;90;5;270;314;0.03;0.03;0.005;5;0.03;5;2;2;2;4;7;11;16;37;59;97;119;131;144;154;164;172;177
0.067;1.48;0.4;0.006;0.008;320;2;5;253;286;0.03;0.03;0.005;5;0.03;5;2;2;2;2;2;4;14;32;52;82;113;139;160;174;183;190;196
0.072;1.47;0.32;0.005;0.006;190;43;5;265;248;0.03;0.03;0.005;5;0.03;5;2;2;2;4;7;9;14;22;44;67;94;123;142;153;158;159;160
0.069;1.41;0.34;0.005;0.006;210;91;5;236;261;0.03;0.03;0.005;5;0.03;5;2;2;2;3;6;10;14;21;35;82;105;124;136;143;148;150;151
0.068;1.44;0.34;0.005;0.006;210;143;5;236;270;0.03;0.03;0.005;5;0.03;5;2;2;2;3;6;9;20;49;78;110;135;151;159;160;160;160;160
0.07;1.37;0.4;0.006;0.006;250;200;5;224;269;0.03;0.03;0.005;5;0.03;5;3;6;11;18;29;48;68;90;114;135;151;158;162;166;168;168;168
0.07;1.46;0.4;0.007;0.01;430;2;5;225;299;0.03;0.03;0.005;5;0.03;5;2;3;6;10;14;17;22;40;67;98;133;154;169;179;188;192;193
0.071;1.51;0.38;0.007;0.01;410;16;5;227;287;0.03;0.03;0.005;5;0.03;5;3;5;6;8;11;16;23;38;72;99;124;138;146;150;151;152;152
0.068;1.42;0.36;0.007;0.009;380;28;5;220;299;0.03;0.03;0.005;5;0.03;5;3;6;9;13;18;26;33;45;66;91;113;123;133;142;152;160;166
0.069;1.51;0.36;0.007;0.008;410;44;5;232;292;0.03;0.03;0.005;5;0.03;5;2;2;2;2;2;4;14;32;52;82;113;139;160;174;183;190;196
0.071;1.46;0.36;0.007;0.01;370;52;5;229;284;0.03;0.03;0.005;5;0.03;5;2;2;2;2;6;22;38;56;75;92;106;120;133;144;154;162;166
0.073;1.44;0.35;0.007;0.011;360;110;5;229;285;0.03;0.03;0.005;5;0.03;5;2;2;2;4;7;19;37;64;94;122;138;145;150;152;152;152;152
0.066;1.4;0.36;0.007;0.012;390;167;5;217;297;0.03;0.03;0.005;5;0.03;5;2;2;4;12;30;49;74;104;128;143;152;158;160;162;162;162;162
0.073;1.51;0.3;0.007;0.007;5;1;5;94;449;0.03;0.03;0.005;5;0.03;5;2;2;2;2;3;6;9;18;30;42;64;121;158;166;174;180;186
0.067;1.53;0.27;0.008;0.007;2;16;5;86;456;0.03;0.03;0.005;5;0.03;5;1;2;2;3;5;6;13;26;38;54;74;103;126;142;153;162;166
0.071;1.58;0.29;0.007;0.006;2;28;5;84;452;0.03;0.03;0.005;5;0.03;5;2;3;4;5;6;8;19;36;51;70;88;108;126;144;158;171;178
0.066;1.48;0.33;0.008;0.007;5;64;5;74;511;0.03;0.03;0.005;5;0.03;5;4;5;6;6;10;18;34;52;70;87;102;117;130;142;155;166;176
0.066;1.48;0.37;0.008;0.008;5;109;5;63;493;0.03;0.03;0.005;5;0.03;5;2;2;3;8;21;40;58;77;96;112;130;148;165;178;187;196;202
0.068;1.53;0.39;0.008;0.007;5;146;5;83;489;0.03;0.03;0.005;5;0.03;5;2;6;16;32;51;70;86;100;118;137;149;154;156;156;156;156;156
0.064;1.49;0.4;0.007;0.005;5;195;5;85;503;0.03;0.03;0.005;5;0.03;5;3;6;10;16;24;34;51;70;88;107;125;141;155;169;175;179;181
0.074;1.46;0.28;0.008;0.008;35;3;5;79;443;0.03;0.03;0.005;5;0.03;5;3;5;10;24;56;91;122;146;162;174;184;191;196;200;202;202;202
0.068;1.51;0.34;0.007;0.008;33;33;5;70;470;0.03;0.03;0.005;5;0.03;5;7;10;18;36;57;78;99;119;137;154;165;186;192;194;194;194;194
0.065;1.48;0.35;0.007;0.007;34;70;5;74;466;0.03;0.03;0.005;5;0.03;5;5;8;14;22;33;50;75;116;142;159;170;176;179;181;181;181;181
0.064;1.43;0.36;0.007;0.007;36;112;5;71;447;0.03;0.03;0.005;5;0.03;5;4;8;16;35;58;86;114;135;153;164;174;182;187;187;187;187;187
0.067;1.45;0.31;0.008;0.008;38;140;5;75;449;0.03;0.03;0.005;5;0.03;5;3;8;14;26;42;69;101;131;155;167;173;174;177;178;178;178;178
0.066;1.44;0.39;0.007;0.009;45;192;5;71;435;0.03;0.03;0.005;5;0.03;5;3;5;7;10;19;53;76;100;121;137;150;159;165;169;171;171;171
0.074;1.45;0.3;0.007;0.009;120;2;5;84;337;0.03;0.03;0.005;5;0.03;5;7;10;13;15;18;20;23;60;115;150;161;171;182;193;203;210;214
0.071;1.55;0.35;0.007;0.01;130;38;5;68;370;0.03;0.03;0.005;5;0.03;5;2;3;4;8;22;46;86;132;159;179;198;211;219;221;221;221;221
0.071;1.53;0.34;0.007;0.01;110;71;5;69;380;0.03;0.03;0.005;5;0.03;5;2;3;5;11;27;53;88;122;147;165;179;188;194;194;194;194;194
0.068;1.45;0.34;0.008;0.009;130;112;5;84;339;0.03;0.03;0.005;5;0.03;5;4;4;4;15;50;84;115;142;168;182;190;192;192;192;192;192;192
0.066;1.43;0.33;0.008;0.009;120;148;5;75;351;0.03;0.03;0.005;5;0.03;5;3;3;3;12;35;62;100;130;150;162;172;179;182;182;182;182;182
0.067;1.41;0.36;0.009;0.009;120;195;5;80;367;0.03;0.03;0.005;5;0.03;5;2;3;6;6;8;10;15;41;100;134;150;160;167;173;179;186;189
0.072;1.5;0.38;0.006;0.01;260;2;5;77;291;0.03;0.03;0.005;5;0.03;5;2;2;3;4;10;31;83;125;163;181;191;200;209;214;220;225;226
0.07;1.48;0.43;0.007;0.01;260;21;5;70;314;0.03;0.03;0.005;5;0.03;5;2;2;9;39;70;107;139;177;194;221;232;234;234;234;234;234;234
0.07;1.53;0.42;0.007;0.009;290;46;5;69;292;0.03;0.03;0.005;5;0.03;5;3;4;11;86;110;140;165;180;194;204;211;214;216;216;216;216;216
0.066;1.45;0.39;0.006;0.008;270;91;5;75;255;0.03;0.03;0.005;5;0.03;5;4;6;15;53;102;134;163;180;190;198;204;208;211;212;213;214;214
0.074;1.42;0.38;0.006;0.009;270;126;5;72;269;0.03;0.03;0.005;5;0.03;5;2;2;6;35;70;98;122;146;166;180;191;200;206;206;208;208;208
0.069;1.36;0.37;0.007;0.009;250;169;5;63;253;0.03;0.03;0.005;5;0.03;5;1;2;2;6;26;50;74;104;128;149;166;178;187;192;195;196;197
0.069;1.47;0.45;0.005;0.006;410;2;5;77;282;0.03;0.03;0.005;5;0.03;5;2;3;4;10;38;75;114;150;178;192;202;212;219;223;226;226;226
0.077;1.56;0.39;0.006;0.011;400;14;5;68;286;0.03;0.03;0.005;5;0.03;5;3;6;12;54;94;133;154;170;186;202;208;224;226;227;227;227;227
0.074;1.5;0.39;0.006;0.009;410;29;5;72;275;0.03;0.03;0.005;5;0.03;5;2;9;38;72;106;139;159;169;177;184;192;200;207;213;213;213;213
0.075;1.49;0.37;0.006;0.01;370;41;5;69;282;0.03;0.03;0.005;5;0.03;5;14;39;63;86;110;130;150;170;186;199;210;220;229;232;234;234;234
0.075;1.5;0.4;0.006;0.01;390;51;5;85;297;0.03;0.03;0.005;5;0.03;5;8;22;47;76;109;137;159;170;179;189;198;206;214;219;222;224;224
0.077;1.53;0.42;0.006;0.01;430;108;5;79;298;0.03;0.03;0.005;5;0.03;5;8;11;20;49;60;79;106;134;160;180;194;198;198;198;198;198;198
0.073;1.52;0.4;0.006;0.011;390;158;5;84;290;0.03;0.03;0.005;5;0.03;5;3;4;6;10;28;51;81;110;136;154;172;188;201;208;212;214;216
0.074;1.5;0.47;0.006;0.01;580;1;5;75;292;0.03;0.03;0.005;5;0.03;5;6;6;7;10;14;24;76;124;155;171;182;194;204;212;218;223;226
0.073;1.54;0.48;0.006;0.01;520;32;5;84;294;0.03;0.03;0.005;5;0.03;5;6;14;35;62;89;114;134;150;164;175;184;192;197;201;202;202;202
0.075;1.52;0.45;0.005;0.009;610;59;5;82;280;0.03;0.03;0.005;5;0.03;5;2;3;6;13;52;84;118;148;164;178;185;188;190;191;192;192;192
0.07;1.48;0.42;0.006;0.009;610;95;5;63;298;0.03;0.03;0.005;5;0.03;5;2;2;3;11;34;62;87;113;138;155;167;174;180;182;182;182;182
0.067;1.49;0.4;0.005;0.009;640;122;5;78;305;0.03;0.03;0.005;5;0.03;5;1;2;2;3;4;14;39;71;106;131;148;162;174;179;182;182;182
0.074;1.48;0.39;0.005;0.009;660;155;5;71;320;0.03;0.03;0.005;5;0.03;5;2;3;4;6;11;16;22;30;54;85;118;145;165;174;178;178;178
0.074;1.4;0.25;0.006;0.007;1;2;5;79;475;0.03;0.03;0.005;5;0.03;5;2;2;2;2;3;6;9;18;30;42;64;121;158;166;174;180;186
0.077;1.46;0.27;0.008;0.007;28;2;5;81;459;0.03;0.03;0.005;5;0.03;5;3;5;10;24;56;91;122;146;162;174;184;191;196;200;202;202;202
0.073;1.41;0.26;0.007;0.011;90;2;5;83;392;0.03;0.03;0.005;5;0.03;5;2;2;2;3;10;33;66;100;130;159;179;185;191;198;203;206;208
0.074;1.45;0.3;0.007;0.009;150;2;5;84;337;0.03;0.03;0.005;5;0.03;5;7;10;13;15;18;20;23;60;115;150;161;171;182;193;203;210;214
0.072;1.44;0.35;0.006;0.012;200;2;5;71;312;0.03;0.03;0.005;5;0.03;5;2;2;3;8;22;38;67;114;145;161;173;184;193;201;206;210;212
0.072;1.5;0.38;0.006;0.01;260;2;5;77;291;0.03;0.03;0.005;5;0.03;5;2;2;3;4;10;31;83;125;163;181;191;200;209;214;220;225;226
0.069;1.45;0.4;0.006;0.008;330;2;5;81;285;0.03;0.03;0.005;5;0.03;5;6;8;10;14;20;34;97;145;160;176;191;206;217;222;224;224;224
0.069;1.47;0.45;0.005;0.006;410;2;5;77;282;0.03;0.03;0.005;5;0.03;5;3;4;5;8;22;50;107;157;176;186;196;204;212;218;219;220;221
0.074;1.58;0.28;0.008;0.008;5;2;5;145;404;0.03;0.03;0.005;5;0.03;5;1;1;2;2;2;3;4;10;15;22;32;50;81;116;140;163;169
0.069;1.5;0.31;0.008;0.008;51;2;5;160;400;0.03;0.03;0.005;5;0.03;5;2;3;6;10;13;24;46;86;122;146;160;170;178;186;195;198;202
0.07;1.5;0.29;0.008;0.009;120;2;5;164;341;0.03;0.03;0.005;5;0.03;5;2;2;2;2;4;9;18;31;51;98;127;144;159;173;186;196;206
0.068;1.51;0.39;0.007;0.009;300;2;5;166;278;0.03;0.03;0.005;5;0.03;5;2;2;2;3;7;17;34;54;81;117;150;176;195;200;200;200;200
0.066;1.48;0.47;0.007;0.011;410;2;5;164;285;0.03;0.03;0.005;5;0.03;5;2;2;3;6;14;30;46;72;118;153;166;174;184;194;202;205;210
0.073;1.53;0.29;0.009;0.007;46;2;5;243;419;0.03;0.03;0.005;5;0.03;5;6;6;7;10;12;16;26;44;67;96;124;148;164;172;178;182;184
0.07;1.45;0.28;0.009;0.009;120;2;5;239;315;0.03;0.03;0.005;5;0.03;5;2;2;2;2;2;4;13;31;52;78;109;132;154;160;165;168;168
0.067;1.48;0.4;0.006;0.008;320;2;5;253;286;0.03;0.03;0.005;5;0.03;5;2;2;2;2;2;4;14;32;52;82;113;139;160;174;183;190;196
0.068;1.46;0.47;0.007;0.006;450;2;5;249;297;0.03;0.03;0.005;5;0.03;5;2;2;3;6;8;14;26;38;54;100;130;146;158;168;179;187;197
0.066;1.47;0.43;0.005;0.006;690;2;5;240;322;0.03;0.03;0.005;5;0.03;5;5;6;6;8;10;13;21;34;59;92;130;164;185;189;190;190;190
