C(%),Mn(%),Si(%),S(%),P(%),Ti(ppm),B(ppm),Al(ppm),N(ppm),O(ppm),Cr(%),Ni(%),Mo(%),V(ppm),Cu(%),Nb(ppm),-120,-110,-100,-90,-80,-70,-60,-50,-40,-30,-20,-10,0,10,20,30,40
0.062,0.62,0.29,0.007,0.007,6,2,5,72,500,0.03,3.01,0.005,5,0.03,5,10,15,26,38,62,90,111,132,147,162,174,181,186,189,191,191,191
0.057,0.65,0.3,0.007,0.007,36,2,5,72,460,0.03,3.03,0.005,5,0.03,5,24,37,66,90,110,128,142,155,165,174,179,182,184,186,186,186,186
0.059,0.63,0.31,0.007,0.007,82,2,5,64,426,0.03,3,0.005,5,0.03,5,7,18,31,50,87,112,130,145,158,169,178,184,188,191,192,192,192
0.065,0.65,0.35,0.007,0.006,150,2,5,68,384,0.03,3,0.005,5,0.03,5,26,34,43,56,82,116,140,155,169,179,188,195,199,203,205,205,205
0.069,0.67,0.39,0.006,0.011,220,2,5,70,328,0.03,2.96,0.005,5,0.03,5,6,20,36,55,84,115,137,153,167,178,187,194,198,202,203,203,203
0.064,0.65,0.3,0.004,0.008,6,2,5,51,400,0.03,2.88,0.005,5,0.03,5,8,18,34,53,75,97,118,138,155,168,178,187,194,199,202,202,202
0.063,0.65,0.28,0.005,0.008,35,2,5,53,363,0.03,2.82,0.005,5,0.03,5,2,28,58,82,106,126,147,162,174,185,193,200,205,210,213,213,213
0.061,0.63,0.29,0.004,0.007,87,2,5,55,361,0.03,2.89,0.005,5,0.03,5,2,14,35,69,107,133,151,165,178,186,194,200,205,209,210,210,210
0.062,0.6,0.25,0.004,0.009,140,2,5,57,350,0.03,2.83,0.005,5,0.03,5,2,15,46,83,117,146,165,178,186,190,191,192,192,192,193,193,193
0.066,0.63,0.32,0.004,0.008,260,2,5,56,314,0.03,2.93,0.005,5,0.03,5,2,11,35,65,109,143,164,178,189,197,204,210,214,216,216,216,216
0.071,0.63,0.39,0.004,0.008,6,2,5,41,279,0.03,2.73,0.005,5,0.03,5,2,9,18,38,71,105,133,153,168,181,190,195,198,198,198,198,198
0.07,0.65,0.39,0.003,0.009,60,2,5,43,269,0.03,2.78,0.005,5,0.03,5,9,26,46,70,138,151,162,174,185,194,203,212,219,224,226,226,226
0.068,0.65,0.29,0.003,0.01,110,2,5,50,272,0.03,2.79,0.005,5,0.03,5,10,27,51,94,150,162,170,179,186,194,201,208,213,216,218,218,218
0.068,0.62,0.29,0.003,0.009,170,2,5,56,286,0.03,2.78,0.005,5,0.03,5,3,19,52,86,121,147,171,190,202,207,210,210,210,210,210,210,210
0.062,0.57,0.3,0.003,0.008,230,2,5,56,277,0.03,2.78,0.005,5,0.03,5,10,24,46,80,129,157,172,186,195,203,209,211,213,214,214,214,214
0.054,0.66,0.31,0.007,0.007,8,2,22,58,495,0.03,5.37,0.005,5,0.03,5,28,34,46,58,71,89,110,123,125,126,126,126,126,127,127,127,128
0.057,0.66,0.32,0.007,0.008,48,2,23,65,469,0.03,5.43,0.005,5,0.03,5,30,44,58,70,86,98,113,126,132,133,134,134,135,135,136,136,136
0.058,0.62,0.3,0.007,0.007,107,2,24,60,412,0.03,5.38,0.005,5,0.03,5,50,63,77,90,102,114,125,133,139,140,141,142,142,142,142,142,142
0.063,0.66,0.35,0.006,0.006,177,2,25,67,340,0.03,5.48,0.005,5,0.03,5,25,40,54,69,84,103,120,134,146,151,152,152,152,152,152,152,152
0.063,0.65,0.37,0.006,0.006,236,2,5,79,319,0.03,5.45,0.005,5,0.03,5,32,45,61,68,80,111,130,140,147,155,157,158,158,158,158,158,158
0.056,0.24,0.37,0.008,0.006,58,2,5,52,505,0.03,5.46,0.005,5,0.03,5,29,30,32,35,45,55,69,81,91,97,99,99,99,99,99,99,99
0.057,0.24,0.36,0.008,0.006,110,2,5,54,415,0.03,5.48,0.005,5,0.03,5,22,32,42,54,70,88,106,117,123,126,128,128,128,128,128,128,128
0.062,0.25,0.38,0.007,0.006,190,2,5,57,356,0.03,5.37,0.005,5,0.03,5,24,35,51,61,77,91,105,118,133,139,143,146,148,150,150,150,150
0.066,0.27,0.42,0.007,0.006,280,2,5,54,312,0.03,5.37,0.005,5,0.03,5,4,16,30,47,67,86,108,126,139,146,146,146,146,146,146,146,146
0.068,0.7,0.38,0.006,0.007,9,2,5,39,360,0.03,4.91,0.005,5,0.03,5,10,26,42,54,68,86,106,122,130,134,138,142,144,145,146,146,146
0.064,0.71,0.34,0.005,0.007,47,2,5,47,370,0.03,4.94,0.005,5,0.03,5,12,28,45,65,81,102,120,137,146,149,150,152,153,154,154,154,154
0.068,0.67,0.34,0.005,0.007,110,2,5,39,344,0.03,4.99,0.005,5,0.03,5,22,29,35,46,61,77,100,119,138,147,151,155,156,159,160,160,160
0.067,0.61,0.28,0.006,0.007,160,2,5,54,348,0.03,5.01,0.005,5,0.03,5,17,35,53,66,86,108,126,144,147,149,152,155,157,160,162,162,162
0.07,0.69,0.33,0.004,0.007,250,2,5,57,312,0.03,4.96,0.005,5,0.03,5,25,34,45,60,76,93,114,134,154,156,158,160,162,163,163,163,163
0.075,0.67,0.43,0.004,0.009,7,2,5,38,260,0.03,4.8,0.005,5,0.03,5,17,32,46,58,74,94,114,132,155,156,157,157,157,157,157,157,157
0.074,0.66,0.42,0.004,0.008,70,2,5,42,255,0.03,4.9,0.005,5,0.03,5,18,27,38,58,80,102,120,139,154,157,157,157,157,157,157,157,157
0.075,0.64,0.39,0.004,0.008,130,2,5,43,253,0.03,4.88,0.005,5,0.03,5,18,26,38,51,67,85,107,134,154,164,170,171,171,171,171,171,171
0.068,0.64,0.32,0.004,0.009,190,2,5,47,277,0.03,4.83,0.005,5,0.03,5,18,28,41,55,69,87,113,139,165,165,165,165,165,165,165,165,165
0.067,0.59,0.32,0.004,0.009,280,2,5,55,265,0.03,4.78,0.005,5,0.03,5,17,28,44,74,103,124,142,155,165,168,168,168,168,168,168,168,168
0.063,0.64,0.36,0.007,0.007,5,5,5,62,479,0.03,0.03,0.005,5,0.03,5,6,7,8,10,16,42,76,112,150,186,192,192,192,192,192,192,192
0.065,0.66,0.36,0.008,0.009,7,30,5,73,435,0.03,0.03,0.005,5,0.03,5,4,5,8,12,20,34,60,100,134,152,162,168,170,170,170,170,170
0.063,0.65,0.39,0.008,0.009,3,58,5,68,453,0.03,0.03,0.005,5,0.03,5,3,3,3,6,13,29,62,118,150,162,170,170,170,170,170,170,170
0.068,0.68,0.36,0.009,0.008,7,99,5,77,444,0.03,0.03,0.005,5,0.03,5,2,2,2,2,11,37,69,102,131,156,174,174,174,174,174,174,174
0.064,0.66,0.43,0.01,0.01,9,126,5,63,527,0.03,0.03,0.005,5,0.03,5,3,3,3,5,10,30,85,125,158,178,186,187,189,189,189,189,189
0.066,0.69,0.4,0.008,0.008,3,171,5,70,437,0.03,0.03,0.005,5,0.03,5,2,2,2,2,18,50,77,106,131,154,171,178,181,184,186,186,186
0.066,0.67,0.38,0.008,0.01,34,30,5,67,539,0.03,0.03,0.005,5,0.03,5,2,2,2,5,10,14,22,35,71,125,165,178,187,192,196,196,196
0.062,0.24,0.45,0.009,0.01,40,67,5,62,526,0.03,0.03,0.005,5,0.03,5,1,1,1,2,4,10,18,32,64,100,131,146,157,165,170,174,176
0.061,0.25,0.45,0.009,0.01,42,106,5,59,522,0.03,0.03,0.005,5,0.03,5,1,1,1,2,3,10,24,71,109,136,157,168,175,180,184,184,184
0.065,0.27,0.48,0.008,0.01,44,144,5,64,510,0.03,0.03,0.005,5,0.03,5,1,1,1,2,7,28,59,93,126,155,171,181,188,189,189,189,189
0.061,0.7,0.43,0.008,0.008,45,186,5,60,485,0.03,0.03,0.005,5,0.03,5,2,2,2,6,13,24,37,72,123,152,166,174,179,182,184,184,184
0.07,0.71,0.32,0.008,0.008,5,2,5,68,481,0.53,0.03,0.005,5,0.03,5,18,19,21,22,28,62,102,133,159,176,176,176,176,176,176,176,176
0.071,0.67,0.31,0.007,0.006,34,2,5,70,450,0.53,0.03,0.005,5,0.03,5,10,10,10,10,11,15,34,90,142,171,184,190,194,195,195,195,195
0.077,0.61,0.29,0.008,0.008,80,2,5,80,409,0.54,0.03,0.005,5,0.03,5,2,2,2,3,5,6,10,30,58,89,128,164,184,189,190,190,190
0.075,0.69,0.31,0.007,0.008,140,2,5,79,348,0.52,0.03,0.005,5,0.03,5,2,2,2,2,6,14,35,66,98,133,162,185,198,203,204,204,204
0.071,0.67,0.37,0.006,0.009,214,2,5,75,332,0.52,0.03,0.005,5,0.03,5,1,1,1,2,6,18,47,85,125,163,190,203,208,211,214,214,214
0.07,0.66,0.35,0.008,0.01,5,2,5,78,504,1.01,0.03,0.005,5,0.03,5,3,3,3,5,10,21,46,74,101,130,149,157,162,166,170,170,170
0.077,0.64,0.32,0.008,0.01,34,2,5,75,457,1.03,0.03,0.005,5,0.03,5,6,7,8,9,11,15,21,34,73,132,157,162,166,170,173,174,176
0.082,0.64,0.34,0.006,0.009,83,2,5,83,418,1.04,0.03,0.005,5,0.03,5,2,2,2,2,3,5,7,14,24,48,88,130,148,160,171,182,193
0.079,0.59,0.37,0.006,0.01,157,2,5,89,359,1.04,0.03,0.005,5,0.03,5,1,1,1,2,2,3,11,41,82,126,151,162,170,174,178,179,179
0.086,0.64,0.38,0.003,0.01,238,2,5,79,334,1.04,0.03,0.005,5,0.03,5,1,1,1,2,2,12,30,50,75,103,128,146,162,177,189,198,203
0.074,0.66,0.25,0.008,0.01,4,2,5,89,500,1.59,0.03,0.005,5,0.03,5,1,1,1,2,2,3,8,24,45,74,106,134,150,152,154,154,154
0.078,0.65,0.26,0.007,0.005,29,2,5,100,472,1.6,0.03,0.005,5,0.03,5,1,1,1,2,2,3,4,6,13,41,67,94,122,148,159,161,162
0.076,0.68,0.28,0.007,0.009,76,2,5,110,455,1.65,0.03,0.005,5,0.03,5,5,5,5,6,6,7,8,12,18,26,54,110,154,158,162,164,166
0.08,0.63,0.28,0.007,0.005,118,2,5,130,395,1.7,0.03,0.005,5,0.03,5,1,1,1,2,2,3,5,10,30,55,80,103,125,147,158,158,158
0.082,0.63,0.33,0.006,0.007,170,2,5,120,350,1.7,0.03,0.005,5,0.03,5,1,1,1,2,2,5,9,14,21,29,44,73,109,154,180,181,181
0.078,0.64,0.28,0.008,0.007,42,2,5,95,482,2.15,0.03,0.005,5,0.03,5,2,2,2,3,6,10,13,18,23,30,37,48,74,106,134,141,142
0.08,0.68,0.32,0.007,0.008,78,2,5,96,426,2,0.03,0.005,5,0.03,5,1,1,1,1,2,2,3,5,13,30,45,66,85,106,121,131,141
0.088,0.67,0.34,0.007,0.008,140,2,5,99,361,2.05,0.03,0.005,5,0.03,5,1,1,1,2,2,3,4,10,21,33,43,54,66,94,99,122,146
0.083,0.66,0.37,0.007,0.007,220,2,5,99,340,1.99,0.03,0.005,5,0.03,5,1,1,1,2,2,4,7,10,14,19,28,38,54,78,112,139,154
0.073,0.64,0.34,0.008,0.007,7,2,5,63,450,0.03,0.03,0.005,5,0.03,5,2,2,3,7,14,29,53,83,122,150,163,170,172,173,174,174,174
0.073,0.64,0.35,0.005,0.004,38,2,5,77,428,0.03,0.03,0.005,5,0.03,5,3,3,3,4,12,27,56,83,116,152,175,187,192,196,196,196,196
0.074,0.67,0.35,0.008,0.007,95,2,5,73,384,0.03,0.03,0.005,5,0.03,5,3,3,3,4,5,11,26,59,99,139,165,176,180,182,184,184,184
0.078,0.68,0.38,0.009,0.007,160,2,5,69,340,0.03,0.03,0.005,5,0.03,5,6,6,6,7,9,12,22,46,75,135,165,184,196,204,210,214,216
0.079,0.73,0.44,0.006,0.008,240,2,5,69,290,0.03,0.03,0.005,5,0.03,5,3,3,3,3,4,9,38,67,98,132,166,187,199,208,215,219,222
0.068,0.62,0.28,0.008,0.007,5,2,5,73,477,0.03,0.03,0.005,5,0.5,5,2,2,6,16,48,81,110,132,149,160,170,174,174,174,174,174,174
0.063,0.64,0.3,0.008,0.008,43,2,5,74,453,0.03,0.03,0.005,5,0.53,5,8,11,20,34,50,74,106,137,155,170,180,187,189,189,189,189,189
0.065,0.64,0.31,0.007,0.008,98,2,5,83,390,0.03,0.03,0.005,5,0.51,5,2,2,2,3,13,34,54,85,115,144,162,174,181,186,190,190,190
0.069,0.63,0.32,0.007,0.01,170,2,5,70,369,0.03,0.03,0.005,5,0.49,5,1,1,1,2,6,40,71,102,132,161,182,190,192,192,192,192,192
0.074,0.62,0.34,0.005,0.009,220,2,5,75,330,0.03,0.03,0.005,5,0.49,5,1,1,1,4,14,37,74,114,149,175,190,190,192,192,192,192,192
0.065,0.62,0.3,0.007,0.009,4,2,5,72,519,0.03,0.03,0.005,5,1.03,5,4,6,11,22,41,64,88,109,128,142,151,149,162,162,163,163,163
0.064,0.63,0.3,0.007,0.007,42,2,5,65,456,0.03,0.03,0.005,5,1.05,5,2,3,14,35,58,78,96,114,130,142,154,166,178,182,186,186,186
0.068,0.63,0.3,0.007,0.007,100,2,5,63,454,0.03,0.03,0.005,5,1.05,5,4,5,6,11,29,56,82,110,130,146,157,167,174,171,182,184,184
0.067,0.62,0.31,0.006,0.007,180,2,5,72,369,0.03,0.03,0.005,5,1.03,5,8,10,13,16,24,34,50,74,102,128,154,173,182,184,186,186,186
0.07,0.61,0.36,0.006,0.009,290,2,5,65,349,0.03,0.03,0.005,5,1.02,5,3,3,3,9,26,51,80,109,134,154,166,177,184,189,194,198,199
0.066,0.67,0.37,0.006,0.008,51,2,5,55,453,0.03,0.03,0.005,5,1.44,5,2,2,2,9,21,43,64,85,105,118,128,138,147,155,162,168,174
0.069,0.66,0.33,0.006,0.008,108,2,5,61,417,0.03,0.03,0.005,5,1.5,5,2,2,2,2,6,18,36,56,75,95,113,127,139,149,156,159,160
0.069,0.6,0.27,0.006,0.007,140,2,5,62,360,0.03,0.03,0.005,5,1.64,5,2,2,2,3,9,18,30,50,70,93,112,129,143,153,161,164,166
0.071,0.62,0.35,0.005,0.006,250,2,5,69,315,0.03,0.03,0.005,5,1.55,5,5,6,10,11,16,24,34,50,72,95,118,146,154,161,166,168,170
0.06,0.63,0.25,0.007,0.008,2,2,5,59,515,0.03,0.03,0.005,5,2,5,5,6,8,8,10,10,11,13,14,18,24,37,49,64,75,86,96
0.061,0.65,0.25,0.007,0.008,39,2,5,66,514,0.03,0.03,0.005,5,2.02,5,10,10,11,13,15,18,22,26,31,38,45,53,62,73,85,99,113
0.067,0.65,0.25,0.008,0.007,100,2,5,65,442,0.03,0.03,0.005,5,2.02,5,5,6,7,8,9,10,12,14,18,25,32,44,58,72,88,101,114
0.07,0.66,0.29,0.006,0.008,180,2,5,65,388,0.03,0.03,0.005,5,2.03,5,5,6,7,8,10,11,13,18,23,31,40,48,60,74,91,106,120
0.073,0.64,0.34,0.006,0.007,300,2,5,67,358,0.03,0.03,0.005,5,2.04,5,1,1,1,2,3,4,6,12,19,30,43,58,73,86,102,115,127
0.069,1.36,0.3,0.007,0.009,37,2,5,68,432,0.03,0.03,0.005,5,0.03,5,14,19,29,41,67,110,138,152,162,170,176,182,187,190,194,198,198
0.073,1.39,0.33,0.007,0.008,39,2,20,66,427,0.03,0.03,0.005,5,0.03,5,14,17,31,34,65,98,132,150,161,167,173,181,187,194,201,203,206
0.078,1.39,0.32,0.007,0.009,42,2,44,66,436,0.03,0.03,0.005,5,0.03,5,2,2,3,15,37,66,99,132,158,165,173,181,189,197,202,208,212
0.08,1.41,0.33,0.006,0.009,43,2,78,55,432,0.03,0.03,0.005,5,0.03,5,2,3,5,11,23,41,78,122,161,173,180,188,194,198,203,208,210
0.08,1.42,0.37,0.006,0.009,43,2,120,54,439,0.03,0.03,0.005,5,0.03,5,3,5,10,22,36,53,91,132,162,174,181,188,194,198,203,206,210
0.076,1.36,0.37,0.005,0.009,36,2,190,53,422,0.03,0.03,0.005,5,0.03,5,6,8,16,22,34,43,91,139,168,181,189,195,201,205,206,208,208
0.078,1.31,0.44,0.005,0.008,36,2,340,50,431,0.03,0.03,0.005,5,0.03,5,6,10,14,26,42,74,109,143,158,166,173,181,187,194,201,206,210
0.076,1.3,0.51,0.005,0.008,43,2,490,48,423,0.03,0.03,0.005,5,0.03,5,5,6,13,27,49,68,90,110,129,138,146,155,163,170,176,181,183
0.079,1.32,0.57,0.004,0.008,38,2,610,52,422,0.03,0.03,0.005,5,0.03,5,3,5,6,11,21,33,50,70,96,116,137,147,158,168,177,182,188
0.069,1.35,0.32,0.01,0.006,30,2,5,149,443,0.03,0.03,0.005,5,0.03,5,3,3,3,6,10,25,54,83,115,130,142,154,167,178,188,197,202
0.07,1.4,0.32,0.009,0.007,37,2,69,159,450,0.03,0.03,0.005,5,0.03,5,2,2,2,2,3,13,38,69,98,127,149,166,179,187,191,192,192
0.069,1.37,0.38,0.008,0.007,33,2,140,141,449,0.03,0.03,0.005,5,0.03,5,2,2,2,2,5,16,29,61,107,142,154,165,175,185,194,203,209
0.073,1.29,0.47,0.006,0.005,31,2,280,133,482,0.03,0.03,0.005,5,0.03,5,2,2,2,2,5,15,30,62,94,127,153,170,179,181,181,182,182
0.072,1.32,0.5,0.006,0.006,32,2,444,132,409,0.03,0.03,0.005,5,0.03,5,2,2,2,2,5,13,27,46,68,97,125,147,162,172,173,187,192
0.07,1.3,0.54,0.005,0.006,29,2,580,119,431,0.03,0.03,0.005,5,0.03,5,10,11,13,14,19,21,26,33,46,64,88,110,129,142,149,151,152
0.07,1.39,0.28,0.009,0.01,31,2,2,242,454,0.03,0.03,0.005,5,0.03,5,2,2,2,2,3,4,14,34,58,90,121,149,162,168,173,178,182
0.07,1.41,0.35,0.007,0.007,38,2,84,214,442,0.03,0.03,0.005,5,0.03,5,3,4,5,6,6,9,18,37,61,91,124,142,155,169,181,190,198
0.07,1.37,0.39,0.007,0.009,32,2,210,202,475,0.03,0.03,0.005,5,0.03,5,3,3,3,4,6,10,32,42,69,100,133,154,167,178,185,190,195
0.07,1.36,0.42,0.006,0.007,36,2,380,200,463,0.03,0.03,0.005,5,0.03,5,2,2,2,3,6,10,20,33,51,74,103,127,144,157,170,181,190
0.076,1.42,0.49,0.005,0.01,55,2,470,191,364,0.03,0.03,0.005,5,0.03,5,6,7,8,9,10,10,13,18,26,36,52,72,98,126,139,144,146
0.07,1.4,0.54,0.005,0.009,44,2,670,195,362,0.03,0.03,0.005,5,0.03,5,22,23,24,25,26,26,27,30,34,41,51,70,96,120,138,150,159
0.069,1.36,0.3,0.007,0.009,37,2,5,68,432,0.03,0.03,0.005,5,0.03,5,14,19,29,41,67,110,138,152,162,170,176,182,187,190,194,198,198
0.073,1.39,0.33,0.007,0.008,39,2,20,66,427,0.03,0.03,0.005,5,0.03,5,14,17,31,34,65,98,132,150,161,167,173,181,187,194,201,203,206
0.078,1.39,0.32,0.007,0.009,42,2,44,66,436,0.03,0.03,0.005,5,0.03,5,2,2,3,15,37,66,99,132,158,165,173,181,189,197,202,208,212
0.08,1.41,0.33,0.006,0.009,43,2,78,55,432,0.03,0.03,0.005,5,0.03,5,2,3,5,11,23,41,78,122,161,173,180,188,194,198,203,208,210
0.08,1.42,0.37,0.006,0.009,43,2,120,54,439,0.03,0.03,0.005,5,0.03,5,3,5,10,22,36,53,91,132,162,174,181,188,194,198,203,206,210
0.076,1.36,0.37,0.005,0.009,36,2,190,53,422,0.03,0.03,0.005,5,0.03,5,6,8,16,22,34,43,91,139,168,181,189,195,201,205,206,208,208
0.078,1.31,0.44,0.005,0.008,36,2,340,50,431,0.03,0.03,0.005,5,0.03,5,6,10,14,26,42,74,109,143,158,166,173,181,187,194,201,206,210
0.076,1.3,0.51,0.005,0.008,43,2,490,48,423,0.03,0.03,0.005,5,0.03,5,5,6,13,27,49,68,90,110,129,138,146,155,163,170,176,181,183
0.079,1.32,0.57,0.004,0.008,38,2,610,52,422,0.03,0.03,0.005,5,0.03,5,3,5,6,11,21,33,50,70,96,116,137,147,158,168,177,182,188
0.074,1.48,0.35,0.006,0.007,34,2,5,75,400,0.03,0.03,0.005,5,0.03,5,8,11,16,38,68,97,123,145,160,174,184,190,195,195,195,195,195
0.077,1.5,0.37,0.005,0.007,53,2,69,67,406,0.03,0.03,0.005,5,0.03,5,3,3,3,11,26,57,98,144,166,178,190,201,211,211,211,211,211
0.079,1.44,0.44,0.005,0.007,42,2,160,52,410,0.03,0.03,0.005,5,0.03,5,3,3,3,13,33,64,102,140,174,200,210,216,218,218,218,218,218
0.078,1.39,0.53,0.005,0.007,45,2,280,52,411,0.03,0.03,0.005,5,0.03,5,8,10,11,18,35,64,112,150,165,179,191,204,213,213,213,213,213
0.077,1.4,0.61,0.004,0.008,52,2,430,45,390,0.03,0.03,0.005,5,0.03,5,6,6,10,21,34,48,65,90,114,136,157,172,181,184,185,185,185
0.075,1.35,0.67,0.004,0.007,49,2,480,48,391,0.03,0.03,0.005,5,0.03,5,2,2,2,5,20,44,70,89,106,124,138,148,168,172,174,174,174
0.077,1.52,0.34,0.005,0.006,33,2,4,65,324,0.03,0.03,0.005,5,0.03,5,3,6,12,42,84,125,151,171,184,190,192,192,192,192,192,192,192
0.082,1.44,0.36,0.004,0.006,39,2,49,57,329,0.03,0.03,0.005,5,0.03,5,3,3,3,13,47,82,114,142,166,182,198,209,213,215,216,216,216
0.084,1.39,0.42,0.004,0.006,44,2,95,48,339,0.03,0.03,0.005,5,0.03,5,4,4,4,12,65,114,154,177,191,201,209,213,215,216,216,216,216
0.082,1.35,0.47,0.005,0.006,44,2,150,46,345,0.03,0.03,0.005,5,0.03,5,5,6,11,56,94,129,150,166,181,194,206,214,219,222,224,224,224
0.086,1.3,0.5,0.004,0.007,32,2,240,56,334,0.03,0.03,0.005,5,0.03,5,2,2,2,11,37,74,118,154,179,182,182,182,182,182,182,182,182
0.087,1.28,0.58,0.004,0.006,32,2,350,51,346,0.03,0.03,0.005,5,0.03,5,2,2,2,6,22,48,74,100,123,139,152,158,163,170,176,181,183
0.074,1.51,0.35,0.004,0.009,28,2,5,54,331,0.03,0.03,0.005,5,0.03,5,7,9,14,34,100,154,186,202,214,221,224,224,224,224,224,224,224
0.077,1.34,0.39,0.004,0.011,30,2,65,49,307,0.03,0.03,0.005,5,0.03,5,8,10,14,22,48,114,171,201,216,224,228,232,232,232,232,232,232
0.083,1.35,0.47,0.004,0.011,30,2,120,49,300,0.03,0.03,0.005,5,0.03,5,3,5,15,40,96,150,188,205,217,224,226,226,226,226,226,226,226
0.094,1.25,0.46,0.004,0.01,30,2,150,53,327,0.03,0.03,0.005,5,0.03,5,3,5,14,62,115,149,172,192,206,216,224,227,227,227,227,227,227
0.08,1.26,0.46,0.004,0.011,25,2,170,50,316,0.03,0.03,0.005,5,0.03,5,2,4,9,51,88,122,150,180,198,210,218,223,226,226,226,226,226
0.103,1.34,0.61,0.004,0.009,51,2,220,41,288,0.03,0.03,0.005,5,0.03,5,6,6,6,21,38,75,121,160,189,201,206,208,208,208,208,208,208
0.069,1.36,0.3,0.007,0.009,37,2,5,68,432,0.03,0.03,0.006,4,0.03,5,14,19,29,41,67,110,138,152,162,170,176,182,187,190,194,198,198
0.073,1.39,0.33,0.007,0.008,39,2,20,66,427,0.03,0.03,0.006,4,0.03,5,14,17,31,34,65,98,132,150,161,167,173,181,187,194,201,203,206
0.078,1.39,0.32,0.007,0.009,42,2,44,66,436,0.03,0.03,0.006,4,0.03,5,2,2,3,15,37,66,99,132,158,165,173,181,189,197,202,208,212
0.08,1.41,0.33,0.006,0.009,43,2,78,55,432,0.03,0.03,0.006,3,0.03,5,2,3,5,11,23,41,78,122,161,173,180,188,194,198,203,208,210
0.08,1.42,0.37,0.006,0.009,43,2,120,54,439,0.03,0.03,0.006,3,0.03,5,3,5,10,22,36,53,91,132,162,174,181,188,194,198,203,206,210
0.076,1.36,0.37,0.005,0.009,36,2,190,53,422,0.03,0.03,0.006,4,0.03,5,6,8,16,22,34,43,91,139,168,181,189,195,201,205,206,208,208
0.078,1.31,0.44,0.005,0.008,36,2,340,50,431,0.03,0.03,0.006,4,0.03,5,6,10,14,26,42,74,109,143,158,166,173,181,187,194,201,206,210
0.076,1.3,0.51,0.005,0.008,43,2,490,48,423,0.03,0.03,0.006,4,0.03,5,5,6,13,27,49,68,90,110,129,138,146,155,163,170,176,181,183
0.079,1.32,0.57,0.004,0.008,38,2,610,52,422,0.03,0.03,0.006,4,0.03,5,3,5,6,11,21,33,50,70,96,116,137,147,158,168,177,182,188
0.069,1.49,0.43,0.004,0.005,460,2,1,77,294,0.03,0.03,0.005,5,0.03,5,4,4,4,12,24,49,100,160,176,185,194,205,211,218,220,220,220
0.071,1.44,0.36,0.007,0.005,460,2,67,94,373,0.03,0.03,0.005,5,0.03,5,14,16,18,19,22,26,50,88,144,175,197,211,218,221,221,221,221
0.071,1.39,0.42,0.007,0.005,420,2,150,65,446,0.03,0.03,0.005,5,0.03,5,7,7,7,11,19,36,78,130,170,186,195,202,208,214,221,224,226
0.071,1.44,0.52,0.005,0.005,460,2,300,67,466,0.03,0.03,0.005,5,0.03,5,13,14,14,15,16,18,42,93,126,139,150,160,170,178,187,198,206
0.069,1.41,0.54,0.005,0.005,460,2,420,58,439,0.03,0.03,0.005,5,0.03,5,2,2,2,3,6,15,35,70,111,143,158,170,181,191,202,206,210
0.067,1.4,0.57,0.005,0.005,450,2,500,60,451,0.03,0.03,0.005,5,0.03,5,6,6,6,10,22,38,59,84,110,133,155,168,174,176,176,176,176
0.066,1.48,0.47,0.007,0.005,410,2,2,164,285,0.03,0.03,0.005,5,0.03,5,13,14,16,19,25,34,72,119,164,178,187,190,192,192,192,192,192
0.073,1.4,0.49,0.004,0.005,420,2,46,183,375,0.03,0.03,0.005,5,0.03,5,5,5,5,6,13,25,43,86,126,158,192,203,213,218,221,222,222
0.067,1.32,0.56,0.004,0.005,410,2,130,160,421,0.03,0.03,0.005,5,0.03,5,6,6,6,7,10,12,20,64,136,163,177,189,201,206,210,210,210
0.064,1.42,0.64,0.004,0.005,420,2,250,148,439,0.03,0.03,0.005,5,0.03,5,7,7,7,9,11,15,22,40,75,119,150,179,203,209,210,210,210
0.068,1.39,0.69,0.004,0.005,410,2,380,149,423,0.03,0.03,0.005,5,0.03,5,6,6,6,6,7,8,15,37,82,130,170,197,217,221,221,221,221
0.065,1.46,0.72,0.006,0.005,490,2,590,147,433,0.03,0.03,0.005,5,0.03,5,6,6,6,8,15,50,83,116,135,150,162,171,182,191,200,204,208
0.068,1.46,0.47,0.007,0.005,450,2,7,249,297,0.03,0.03,0.005,5,0.03,5,2,2,2,2,7,20,38,67,106,146,164,176,191,203,215,221,224
0.066,1.32,0.5,0.008,0.005,440,2,52,239,351,0.03,0.03,0.005,5,0.03,5,1,1,1,2,2,3,9,29,58,106,146,173,190,206,218,222,224
0.064,1.36,0.57,0.007,0.005,400,2,133,243,388,0.03,0.03,0.005,5,0.03,5,2,2,2,2,4,6,10,14,18,24,48,77,117,157,195,198,198
0.063,1.47,0.65,0.007,0.005,440,2,279,248,416,0.03,0.03,0.005,5,0.03,5,2,2,2,2,3,4,8,16,23,33,50,86,133,171,189,198,204
0.066,1.45,0.7,0.006,0.005,410,2,370,242,411,0.03,0.03,0.005,5,0.03,5,1,1,1,2,2,3,6,20,39,62,93,123,152,172,189,200,206
0.066,1.39,0.56,0.004,0.005,450,2,540,250,383,0.03,0.03,0.005,5,0.03,5,6,6,8,10,11,13,14,34,66,124,161,180,193,200,206,211,211
0.074,1.49,0.29,0.006,0.013,5,2,6,72,471,0.03,0.03,0.005,5,0.03,5,1,1,1,2,2,3,5,14,30,66,98,133,151,160,169,174,181
0.081,1.43,0.29,0.006,0.013,5,2,60,54,461,0.03,0.03,0.005,5,0.03,5,2,2,2,2,2,3,7,14,26,49,75,122,154,166,171,173,174
0.076,1.36,0.34,0.005,0.011,5,2,150,57,476,0.03,0.03,0.005,5,0.03,5,6,6,6,6,10,18,26,38,54,75,100,129,155,177,187,194,198
0.079,1.37,0.39,0.005,0.011,5,2,250,47,446,0.03,0.03,0.005,5,0.03,5,2,2,2,3,5,10,21,37,54,84,115,142,167,174,176,176,176
0.078,1.4,0.44,0.004,0.011,5,2,420,44,436,0.03,0.03,0.005,5,0.03,5,2,2,2,2,5,14,32,50,71,98,125,149,166,170,173,173,173
0.081,1.42,0.48,0.004,0.006,4,2,660,46,444,0.03,0.03,0.005,5,0.03,5,2,2,2,11,26,37,51,68,83,98,112,127,141,155,168,179,184
0.069,1.36,0.3,0.007,0.009,37,2,5,68,432,0.03,0.03,0.005,5,0.03,5,14,19,29,41,67,110,138,152,162,170,176,182,187,190,194,198,198
0.073,1.39,0.33,0.007,0.008,39,2,20,66,427,0.03,0.03,0.005,5,0.03,5,14,17,31,34,65,98,132,150,161,167,173,181,187,194,201,203,206
0.078,1.39,0.32,0.007,0.009,42,2,44,66,436,0.03,0.03,0.005,5,0.03,5,2,2,3,15,37,66,99,132,158,165,173,181,189,197,202,208,212
0.08,1.41,0.33,0.006,0.009,43,2,78,55,432,0.03,0.03,0.005,5,0.03,5,2,3,5,11,23,41,78,122,161,173,180,188,194,198,203,208,210
0.08,1.42,0.37,0.006,0.009,43,2,120,54,439,0.03,0.03,0.005,5,0.03,5,3,5,10,22,36,53,91,132,162,174,181,188,194,198,203,206,210
0.076,1.36,0.37,0.005,0.009,36,2,190,53,422,0.03,0.03,0.005,5,0.03,5,6,8,16,22,34,43,91,139,168,181,189,195,201,205,206,208,208
0.078,1.31,0.44,0.005,0.008,36,2,340,50,431,0.03,0.03,0.005,5,0.03,5,6,10,14,26,42,74,109,143,158,166,173,181,187,194,201,206,210
0.076,1.3,0.51,0.005,0.008,43,2,490,48,423,0.03,0.03,0.005,5,0.03,5,5,6,13,27,49,68,90,110,129,138,146,155,163,170,176,181,183
0.079,1.32,0.57,0.004,0.008,38,2,610,52,422,0.03,0.03,0.005,5,0.03,5,3,5,6,11,21,33,50,70,96,116,137,147,158,168,177,182,188
0.074,1.5,0.32,0.006,0.006,99,2,8,89,375,0.03,0.03,0.005,5,0.03,5,6,6,6,10,29,34,65,109,149,165,178,187,194,196,197,198,198
0.074,1.41,0.27,0.007,0.006,88,2,47,70,407,0.03,0.03,0.005,5,0.03,5,2,2,2,2,4,10,24,39,58,104,178,203,211,211,211,211,211
0.071,1.36,0.39,0.005,0.009,92,2,160,52,381,0.03,0.03,0.005,5,0.03,5,10,10,11,13,16,26,80,131,170,184,196,209,218,224,229,229,229
0.069,1.36,0.45,0.005,0.008,63,2,280,44,374,0.03,0.03,0.005,5,0.03,5,10,10,11,12,14,19,100,144,174,186,197,206,213,219,224,227,228
0.069,1.39,0.51,0.004,0.008,69,2,480,41,379,0.03,0.03,0.005,5,0.03,5,6,6,6,8,14,27,74,118,153,164,172,177,182,186,190,192,194
0.072,1.4,0.57,0.004,0.008,80,2,640,38,360,0.03,0.03,0.005,5,0.03,5,2,2,2,3,12,26,42,71,101,128,146,159,167,169,170,170,170
0.081,1.54,0.34,0.007,0.008,180,2,3,80,312,0.03,0.03,0.005,5,0.03,5,10,11,12,14,16,23,62,113,144,159,170,178,184,189,195,200,204
0.072,1.32,0.24,0.006,0.008,180,2,47,68,397,0.03,0.03,0.005,5,0.03,5,2,2,2,3,5,6,11,44,80,118,151,176,187,194,200,202,203
0.072,1.33,0.34,0.006,0.008,190,2,150,57,427,0.03,0.03,0.005,5,0.03,5,10,11,12,13,14,15,47,115,162,178,188,196,203,209,213,218,219
0.074,1.36,0.41,0.005,0.005,260,2,320,49,418,0.03,0.03,0.005,5,0.03,5,11,12,14,16,18,22,34,83,133,162,177,187,194,198,198,199,200
0.066,1.41,0.46,0.004,0.009,240,2,440,49,407,0.03,0.03,0.005,5,0.03,5,2,2,2,3,7,24,46,74,109,137,161,172,178,181,182,184,184
0.066,1.33,0.44,0.004,0.008,240,2,680,49,454,0.03,0.03,0.005,5,0.03,5,10,10,10,17,34,50,62,82,105,129,149,160,164,166,166,166,166
0.069,1.49,0.43,0.004,0.005,460,2,1,77,294,0.03,0.03,0.005,5,0.03,5,4,4,4,12,24,49,100,160,176,185,194,205,211,218,220,220,220
0.071,1.44,0.36,0.007,0.005,460,2,67,94,373,0.03,0.03,0.005,5,0.03,5,14,16,18,19,22,26,50,88,144,175,197,211,218,221,221,221,221
0.071,1.39,0.42,0.007,0.005,420,2,150,65,446,0.03,0.03,0.005,5,0.03,5,7,7,7,11,19,36,78,130,170,186,195,202,208,214,221,224,226
0.071,1.44,0.52,0.005,0.005,460,2,300,67,466,0.03,0.03,0.005,5,0.03,5,13,14,14,15,16,18,42,93,126,139,150,160,170,178,187,198,206
0.069,1.41,0.54,0.005,0.005,460,2,420,58,439,0.03,0.03,0.005,5,0.03,5,2,2,2,3,6,15,35,70,111,143,158,170,181,191,202,206,210
0.067,1.4,0.57,0.005,0.005,450,2,500,60,451,0.03,0.03,0.005,5,0.03,5,6,6,6,10,22,38,59,84,110,133,155,168,174,176,176,176,176
0.073,0.64,0.34,0.008,0.007,7,2,5,63,450,0.03,0.03,0.005,5,0.03,5,2,2,3,7,14,29,53,83,122,150,163,170,172,173,174,174,174
0.073,0.64,0.35,0.005,0.004,38,2,5,77,428,0.03,0.03,0.005,5,0.03,5,3,3,3,4,12,27,56,83,116,152,175,187,192,196,196,196,196
0.074,0.67,0.35,0.008,0.007,95,2,5,73,384,0.03,0.03,0.005,5,0.03,5,3,3,3,4,5,11,26,59,99,139,165,176,180,182,184,184,184
0.078,0.68,0.38,0.009,0.007,160,2,5,69,340,0.03,0.03,0.005,5,0.03,5,6,6,6,7,9,12,22,46,75,135,165,184,196,204,210,214,216
0.079,0.73,0.44,0.006,0.008,240,2,5,69,290,0.03,0.03,0.005,5,0.03,5,3,3,3,3,4,9,38,67,98,132,166,187,199,208,215,219,222
0.073,0.66,0.31,0.006,0.008,5,2,5,79,430,0.03,0.03,0.24,5,0.03,5,5,6,11,22,48,76,104,134,161,171,173,174,175,177,178,178,178
0.069,0.68,0.33,0.006,0.008,36,2,5,67,395,0.03,0.03,0.24,5,0.03,5,6,6,6,16,32,62,93,122,150,170,190,201,206,210,212,213,213
0.07,0.66,0.31,0.005,0.007,87,2,5,66,364,0.03,0.03,0.24,5,0.03,5,2,2,2,4,6,15,29,56,107,150,173,174,188,192,194,198,199
0.073,0.68,0.37,0.005,0.008,180,2,5,68,318,0.03,0.03,0.23,5,0.03,5,2,2,2,2,4,10,21,59,117,169,183,193,200,206,212,214,216
0.078,0.73,0.42,0.005,0.009,220,2,5,70,276,0.03,0.03,0.23,5,0.03,5,2,2,2,2,4,11,42,81,118,153,180,196,203,207,211,213,214
0.077,0.66,0.3,0.007,0.007,5,2,5,74,454,0.03,0.03,0.5,5,0.03,5,8,8,8,11,13,39,62,82,103,123,145,162,169,169,169,169,169
0.073,0.66,0.34,0.007,0.007,42,2,5,70,433,0.03,0.03,0.5,5,0.03,5,3,3,3,4,5,12,48,92,129,160,179,189,194,195,195,195,195
0.074,0.67,0.33,0.007,0.007,94,2,5,71,392,0.03,0.03,0.51,5,0.03,5,1,1,1,2,3,9,22,43,76,110,149,165,174,179,182,184,184
0.079,0.7,0.39,0.006,0.007,170,2,5,67,322,0.03,0.03,0.51,5,0.03,5,3,3,3,4,6,10,17,49,94,134,171,181,187,190,191,192,192
0.083,0.72,0.44,0.005,0.006,270,2,5,72,278,0.03,0.03,0.5,5,0.03,5,8,8,8,10,11,15,19,43,90,138,162,176,185,190,194,196,198
0.075,0.63,0.3,0.008,0.008,5,2,5,80,438,0.03,0.03,1.03,5,0.03,5,8,10,11,13,17,20,26,34,42,53,66,80,94,108,122,137,150
0.072,0.66,0.32,0.007,0.007,40,2,5,76,411,0.03,0.03,1.03,5,0.03,5,3,3,3,5,10,22,37,55,79,106,130,150,160,160,160,160,160
0.075,0.67,0.32,0.007,0.007,95,2,5,78,383,0.03,0.03,1.01,5,0.03,5,5,5,5,6,6,8,10,14,18,45,79,106,128,136,140,142,142
0.08,0.69,0.38,0.007,0.006,170,2,5,83,307,0.03,0.03,1.02,5,0.03,5,7,7,7,8,9,10,12,21,36,55,78,97,115,131,146,157,168
0.081,0.71,0.45,0.006,0.007,280,2,5,78,262,0.03,0.03,1.03,5,0.03,5,5,5,5,6,6,9,11,20,38,62,86,108,126,140,152,162,170
0.073,0.64,0.34,0.008,0.007,7,2,5,63,450,0.03,0.03,0.005,5,0.03,5,2,2,3,7,14,29,53,83,122,150,163,170,172,173,174,174,174
0.073,0.64,0.35,0.005,0.004,38,2,5,77,428,0.03,0.03,0.005,5,0.03,5,3,3,3,4,12,27,56,83,116,152,175,187,192,196,196,196,196
0.074,0.67,0.35,0.008,0.007,95,2,5,73,384,0.03,0.03,0.005,5,0.03,5,3,3,3,4,5,11,26,59,99,139,165,176,180,182,184,184,184
0.078,0.68,0.38,0.009,0.007,160,2,5,69,340,0.03,0.03,0.005,5,0.03,5,6,6,6,7,9,12,22,46,75,135,165,184,196,204,210,214,216
0.079,0.73,0.44,0.006,0.008,240,2,6,69,290,0.03,0.03,0.005,5,0.03,5,3,3,3,3,4,9,38,67,98,132,166,187,199,208,215,219,222
0.064,0.63,0.3,0.006,0.008,5,2,7,86,473,0.03,0.92,0.005,5,0.03,5,3,5,10,24,50,81,110,140,161,173,179,181,181,181,181,181,181
0.063,0.65,0.31,0.006,0.009,38,2,8,91,472,0.03,0.88,0.005,5,0.03,5,3,3,3,11,30,80,126,148,163,173,184,194,201,203,205,205,205
0.067,0.64,0.34,0.006,0.008,96,2,9,79,409,0.03,0.87,0.005,5,0.03,5,5,5,5,11,22,34,72,111,143,163,177,191,203,210,214,219,222
0.07,0.67,0.34,0.005,0.008,165,2,10,79,342,0.03,0.89,0.005,5,0.03,5,2,2,2,3,10,26,53,96,144,180,191,200,205,210,211,211,211
0.07,0.66,0.4,0.005,0.01,240,2,11,75,310,0.03,0.89,0.005,5,0.03,5,3,3,3,5,11,31,59,101,144,170,187,198,204,208,208,208,208
0.065,0.61,0.26,0.007,0.007,5,2,12,72,488,0.03,2.14,0.005,5,0.03,5,8,11,19,39,60,87,112,137,151,160,165,170,172,172,172,172,172
0.064,0.61,0.27,0.007,0.007,32,2,13,72,454,0.03,2.17,0.005,5,0.03,5,27,35,50,77,105,131,152,168,179,187,192,192,192,192,192,192,192
0.064,0.6,0.27,0.006,0.007,80,2,14,64,427,0.03,2.13,0.005,5,0.03,5,3,5,11,46,82,113,134,147,158,169,178,185,194,201,208,213,214
0.07,0.64,0.31,0.006,0.007,150,2,15,68,345,0.03,2.1,0.005,5,0.03,5,13,18,29,46,73,106,133,152,166,178,186,195,202,207,210,213,214
0.074,0.63,0.36,0.006,0.006,220,2,16,70,307,0.03,2.04,0.005,5,0.03,5,12,16,27,48,70,92,115,136,156,174,191,206,220,225,228,229,229
0.062,0.62,0.29,0.007,0.007,6,2,17,72,500,0.03,3.01,0.005,5,0.03,5,10,15,26,38,62,90,111,132,147,162,174,181,186,189,191,191,191
0.057,0.65,0.3,0.007,0.007,36,2,18,72,460,0.03,3.03,0.005,5,0.03,5,24,37,66,90,110,128,142,155,165,174,179,182,184,186,186,186,186
0.059,0.63,0.31,0.007,0.007,82,2,19,64,426,0.03,3,0.005,5,0.03,5,7,18,31,50,87,112,130,145,158,169,178,184,188,191,192,192,192
0.065,0.65,0.35,0.007,0.006,150,2,20,68,384,0.03,3,0.005,5,0.03,5,26,34,43,56,82,116,140,155,169,179,188,195,199,203,205,205,205
0.069,0.67,0.39,0.006,0.011,220,2,21,70,328,0.03,2.96,0.005,5,0.03,5,6,20,36,55,84,115,137,153,167,178,187,194,198,202,203,203,203
0.054,0.66,0.31,0.007,0.007,8,2,22,58,495,0.03,5.37,0.005,5,0.03,5,28,34,46,58,71,89,110,123,125,126,126,126,126,127,127,127,128
0.057,0.66,0.32,0.007,0.008,48,2,23,65,469,0.03,5.43,0.005,5,0.03,5,30,44,58,70,86,98,113,126,132,133,134,134,135,135,136,136,136
0.058,0.62,0.3,0.007,0.007,107,2,24,60,412,0.03,5.38,0.005,5,0.03,5,50,63,77,90,102,114,125,133,139,140,141,142,142,142,142,142,142
0.063,0.66,0.35,0.006,0.006,177,2,25,67,340,0.03,5.48,0.005,5,0.03,5,25,40,54,69,84,103,120,134,146,151,152,152,152,152,152,152,152
0.063,0.65,0.37,0.006,0.007,236,2,5,79,318,0.03,5.45,0.005,5,0.03,5,32,45,61,68,80,111,130,140,147,155,157,158,158,158,158,158,158
0.063,0.64,0.36,0.007,0.007,5,2,5,62,479,0.03,0.03,0.005,5,0.03,5,6,7,8,10,16,42,76,112,150,186,192,192,192,192,192,192,192
0.061,0.64,0.35,0.007,0.011,5,2,5,71,489,0.03,0.03,0.005,5,0.03,92,6,6,6,8,12,21,51,96,142,168,183,187,188,189,189,189,189
0.061,0.66,0.34,0.007,0.008,5,2,5,66,483,0.03,0.03,0.005,5,0.03,210,4,4,4,6,12,24,42,72,120,144,166,171,172,172,172,172,172
0.064,0.66,0.32,0.008,0.009,5,2,5,73,500,0.03,0.03,0.005,5,0.03,430,2,2,2,2,3,5,10,25,45,72,106,138,155,158,160,160,160
0.062,0.67,0.33,0.008,0.011,5,2,5,77,497,0.03,0.03,0.005,5,0.03,900,3,3,3,4,6,7,10,17,23,31,45,66,109,131,140,142,142
0.07,1.59,0.33,0.006,0.007,5,2,5,93,448,0.03,0.03,0.005,5,0.03,5,6,6,6,7,8,11,17,21,29,69,109,122,130,135,142,144,146
0.07,1.54,0.31,0.007,0.008,5,2,5,83,443,0.03,0.03,0.005,5,0.03,120,12,14,18,19,22,27,34,50,88,112,145,164,170,172,172,172,172
0.07,1.55,0.3,0.007,0.008,5,2,5,100,453,0.03,0.03,0.005,5,0.03,240,4,7,10,13,19,27,41,58,82,108,130,151,162,162,162,162,162
0.069,1.57,0.3,0.007,0.008,5,2,5,74,459,0.03,0.03,0.005,5,0.03,460,5,6,8,11,15,19,27,39,59,79,98,115,132,142,150,156,162
0.068,1.56,0.31,0.007,0.009,5,2,5,75,422,0.03,0.03,0.005,5,0.03,960,5,6,6,7,9,10,11,14,20,30,49,76,107,130,146,146,146
0.063,0.64,0.36,0.007,0.007,5,2,5,62,479,0.03,0.03,0.005,5,0.03,5,6,7,8,10,16,42,76,112,150,186,192,192,192,192,192,192,192
0.065,0.65,0.32,0.008,0.008,5,2,5,57,449,0.03,0.03,0.005,190,0.03,5,5,6,8,13,23,46,84,124,152,170,178,183,188,192,192,192,192
0.063,0.67,0.3,0.007,0.008,5,2,5,81,459,0.03,0.03,0.005,400,0.03,5,6,8,12,17,22,38,76,109,142,162,171,177,180,182,184,184,184
0.064,0.64,0.32,0.007,0.008,5,2,5,78,469,0.03,0.03,0.005,590,0.03,5,2,2,2,4,15,38,64,92,118,142,162,170,172,174,174,174,174
0.065,0.65,0.32,0.007,0.008,5,2,5,72,463,0.03,0.03,0.005,790,0.03,5,5,5,5,9,16,28,49,80,118,143,155,163,174,176,176,176,176
0.068,1.46,0.29,0.007,0.009,5,2,5,69,435,0.03,0.03,0.005,250,0.03,5,5,5,5,7,13,32,54,83,113,136,152,160,166,170,172,172,172
0.067,1.47,0.29,0.007,0.008,5,2,5,74,430,0.03,0.03,0.005,410,0.03,5,6,6,6,17,31,47,70,95,122,140,154,163,168,171,173,174,174
0.068,1.48,0.3,0.007,0.009,5,2,5,70,421,0.03,0.03,0.005,610,0.03,5,3,4,8,24,46,66,82,117,141,154,159,162,164,164,164,164,164
0.064,1.46,0.29,0.006,0.009,5,2,5,80,457,0.03,0.03,0.005,830,0.03,5,3,5,8,12,24,40,65,87,109,130,150,157,158,160,160,160,160
0.073,0.64,0.34,0.008,0.007,7,2,5,63,450,0.03,0.03,0.005,5,0.03,5,6,7,8,10,16,42,76,112,150,186,192,192,192,192,192,192,192
0.064,0.63,0.3,0.006,0.008,5,2,5,70,473,0.03,0.92,0.005,5,0.03,5,3,5,10,24,50,81,110,140,161,173,179,181,181,181,181,181,181
0.065,0.61,0.26,0.007,0.007,5,2,5,86,488,0.03,2.14,0.005,5,0.03,5,8,11,19,39,60,87,112,137,151,160,165,170,172,172,172,172,172
0.062,0.62,0.29,0.007,0.007,6,2,5,72,500,0.03,3.01,0.005,5,0.03,5,10,15,26,38,62,90,111,132,147,162,174,181,186,189,191,191,191
0.07,0.66,0.31,0.006,0.008,5,2,5,79,430,0.03,0.03,0.24,5,0.03,5,5,6,11,22,48,76,104,134,161,171,173,174,175,177,178,178,178
0.073,0.66,0.34,0.007,0.007,5,2,5,75,454,0.03,0.03,0.5,5,0.03,5,8,8,8,11,13,39,62,82,103,123,145,162,169,169,169,169,169
0.075,0.63,0.3,0.008,0.008,5,2,5,80,438,0.03,0.03,1.03,5,0.03,5,8,10,11,13,17,20,26,34,42,53,66,80,94,108,122,137,150
0.07,0.65,0.35,0.008,0.01,5,2,5,78,504,1.01,0.03,0.005,5,0.03,5,3,3,3,5,10,21,46,74,101,130,149,157,162,166,170,170,170
0.074,0.58,0.25,0.008,0.01,4,2,5,89,500,1.59,0.03,0.005,5,0.03,5,1,1,1,2,2,3,8,24,45,74,106,134,150,152,154,154,154
0.068,0.62,0.28,0.008,0.007,5,2,5,73,477,0.03,0.03,0.005,5,0.5,5,2,2,6,16,48,81,110,132,149,160,170,174,174,174,174,174,174
0.065,0.62,0.3,0.007,0.009,4,2,5,72,519,0.03,0.03,0.005,5,1.03,5,4,6,11,22,41,64,88,109,128,142,151,149,162,162,163,163,163
0.064,0.64,0.32,0.007,0.008,4,2,5,60,498,0.03,0.03,0.005,5,1.6,5,5,6,8,8,10,10,11,13,14,18,24,37,49,64,75,86,96
0.073,0.64,0.34,0.008,0.007,7,2,5,63,450,0.03,0.03,0.005,5,0.03,5,2,2,3,7,14,29,53,83,122,150,163,170,172,173,174,174,174
0.073,0.64,0.35,0.005,0.004,38,2,5,77,428,0.03,0.03,0.005,5,0.03,5,3,3,3,4,12,27,56,83,116,152,175,187,192,196,196,196,196
0.074,0.67,0.35,0.008,0.007,95,2,5,73,384,0.03,0.03,0.005,5,0.03,5,3,3,3,4,5,11,26,59,99,139,165,176,180,182,184,184,184
0.078,0.68,0.38,0.009,0.007,160,2,5,69,340,0.03,0.03,0.005,5,0.03,5,6,6,6,7,9,12,22,46,75,135,165,184,196,204,210,214,216
0.079,0.73,0.44,0.006,0.008,240,2,5,69,290,0.03,0.03,0.005,5,0.03,5,3,3,3,3,4,9,38,67,98,132,166,187,199,208,215,219,222
0.067,0.62,0.31,0.005,0.004,5,2,5,61,389,0.03,0.03,0.005,5,0.03,5,3,6,10,12,15,62,110,160,194,202,203,203,203,203,203,203,203
0.068,0.63,0.29,0.005,0.005,32,2,5,67,374,0.03,0.03,0.005,5,0.03,5,2,2,2,6,23,49,101,161,193,202,206,206,206,206,206,206,206
0.066,0.58,0.21,0.005,0.005,75,2,5,54,363,0.03,0.03,0.005,5,0.03,5,2,2,2,6,10,19,67,116,152,175,196,211,218,218,218,218,218
0.066,0.56,0.21,0.004,0.005,120,2,5,63,362,0.03,0.03,0.005,5,0.03,5,2,2,2,3,8,14,55,110,169,203,221,222,222,222,222,222,222
0.064,0.54,0.21,0.005,0.005,150,2,5,65,352,0.03,0.03,0.005,5,0.03,5,5,6,6,7,7,7,14,33,110,182,218,221,222,222,222,222,222
0.07,0.59,0.37,0.004,0.005,2,2,5,45,298,0.03,0.03,0.005,5,0.03,5,2,2,3,13,45,90,138,176,201,204,205,205,205,205,205,205,205
0.068,0.59,0.37,0.004,0.007,51,2,5,52,283,0.03,0.03,0.005,5,0.03,5,2,2,2,4,12,32,82,163,200,215,221,222,222,222,223,224,224
0.053,0.56,0.27,0.003,0.005,75,2,5,52,301,0.03,0.03,0.005,5,0.03,5,2,2,3,5,12,66,113,152,178,195,210,217,221,222,224,224,224
0.067,0.51,0.21,0.004,0.005,110,2,5,64,307,0.03,0.03,0.005,5,0.03,5,1,2,2,3,9,26,61,118,174,209,212,214,214,216,216,216,216
0.065,0.48,0.2,0.003,0.004,150,2,5,59,285,0.03,0.03,0.005,5,0.03,5,5,6,6,7,10,10,11,67,151,187,199,206,211,214,218,219,219
0.073,0.64,0.35,0.005,0.004,38,2,5,77,428,0.03,0.03,0.005,5,0.03,5,3,3,3,4,12,27,56,83,116,152,175,187,192,196,196,196,196
0.063,0.65,0.31,0.006,0.009,38,2,5,85,472,0.03,0.88,0.005,5,0.03,5,3,3,3,11,30,80,126,148,163,173,184,194,201,203,205,205,205
0.064,0.61,0.27,0.007,0.007,32,2,5,91,454,0.03,2.17,0.005,5,0.03,5,27,35,50,77,105,131,152,168,179,187,192,192,192,192,192,192,192
0.067,0.65,0.3,0.007,0.007,36,2,5,72,460,0.03,3.03,0.005,5,0.03,5,24,37,66,90,110,128,142,155,165,174,179,182,184,186,186,186,186
0.069,0.68,0.33,0.006,0.008,36,2,5,67,395,0.03,0.03,0.24,5,0.03,5,6,6,6,16,32,62,93,122,150,170,190,201,206,210,212,213,213
0.073,0.66,0.34,0.007,0.007,42,2,5,70,433,0.03,0.03,0.5,5,0.03,5,3,3,3,4,5,12,48,92,129,160,179,189,194,195,195,195,195
0.072,0.66,0.32,0.007,0.007,40,2,5,76,411,0.03,0.03,1.03,5,0.03,5,3,3,3,5,10,22,37,55,79,106,130,150,160,160,160,160,160
0.077,0.66,0.32,0.008,0.01,34,2,5,75,457,1.03,0.03,0.005,5,0.03,5,6,7,8,9,11,15,21,34,73,132,157,162,166,170,173,174,176
0.078,0.62,0.26,0.007,0.005,29,2,5,100,472,1.6,0.03,0.005,5,0.03,5,1,1,1,2,2,3,4,6,13,41,67,94,122,148,159,161,162
0.078,0.64,0.28,0.008,0.007,42,2,5,95,482,2.15,0.03,0.005,5,0.03,5,2,2,2,3,6,10,13,18,23,30,37,48,74,106,134,141,142
0.063,0.64,0.3,0.008,0.008,43,2,5,74,453,0.03,0.03,0.005,5,0.53,5,8,11,20,34,50,74,106,137,155,170,180,187,189,189,189,189,189
0.064,0.63,0.3,0.007,0.007,42,2,5,65,456,0.03,0.03,0.005,5,1.05,5,2,3,14,35,58,78,96,114,130,142,154,166,178,182,186,186,186
0.066,0.67,0.37,0.006,0.008,51,2,5,55,453,0.03,0.03,0.005,5,1.44,5,10,10,11,13,15,18,22,26,31,38,45,53,62,73,85,99,113
0.073,1.51,0.3,0.007,0.007,5,1,5,94,449,0.03,0.03,0.005,5,0.03,5,3,4,6,6,7,9,14,24,43,68,90,110,133,155,178,182,182
0.067,1.53,0.27,0.008,0.007,2,16,5,86,456,0.03,0.03,0.005,5,0.03,5,1,2,2,3,5,6,13,26,38,54,74,103,126,142,153,162,166
0.071,1.58,0.29,0.007,0.006,2,28,5,84,452,0.03,0.03,0.005,5,0.03,5,2,3,4,5,6,8,19,36,51,70,88,108,126,144,158,171,178
0.066,1.48,0.33,0.008,0.007,5,64,5,74,511,0.03,0.03,0.005,5,0.03,5,4,5,6,6,10,18,34,52,70,87,102,117,130,142,155,166,176
0.066,1.48,0.37,0.008,0.008,5,109,5,63,493,0.03,0.03,0.005,5,0.03,5,2,2,3,8,21,40,58,77,96,112,130,148,165,178,187,196,202
0.068,1.53,0.39,0.008,0.007,5,146,5,83,489,0.03,0.03,0.005,5,0.03,5,2,6,16,32,51,70,86,100,118,137,149,154,156,156,156,156,156
0.064,1.49,0.4,0.007,0.005,5,195,5,85,503,0.03,0.03,0.005,5,0.03,5,3,6,10,16,24,34,51,70,88,107,125,141,155,169,175,179,181
0.074,1.58,0.28,0.008,0.008,5,5,5,145,402,0.03,0.03,0.005,5,0.03,5,1,1,2,2,2,3,4,10,15,22,32,50,81,116,140,163,169
0.07,1.55,0.39,0.007,0.007,7,160,5,144,396,0.03,0.03,0.005,5,0.03,5,3,5,6,8,10,13,20,30,46,66,93,118,139,147,150,152,152
0.073,1.66,0.27,0.009,0.008,5,5,5,235,399,0.03,0.03,0.005,5,0.03,5,2,2,2,2,2,3,5,8,10,17,26,36,56,78,101,122,140
0.073,1.51,0.3,0.007,0.007,5,1,5,94,419,0.03,0.03,0.005,5,0.03,5,3,4,6,6,7,9,14,24,43,68,90,110,133,155,178,182,182
0.067,1.53,0.27,0.008,0.007,2,16,5,86,419,0.03,0.03,0.005,5,0.03,5,1,2,2,3,5,6,13,26,38,54,74,103,126,142,153,162,166
0.071,1.58,0.29,0.007,0.006,2,28,5,84,406,0.03,0.03,0.005,5,0.03,5,2,3,4,5,6,8,19,36,51,70,88,108,126,144,158,171,178
0.066,1.48,0.33,0.008,0.007,5,64,5,74,523,0.03,0.03,0.005,5,0.03,5,4,5,6,6,10,18,34,52,70,87,102,117,130,142,155,166,176
0.066,1.48,0.37,0.008,0.008,5,109,5,63,493,0.03,0.03,0.005,5,0.03,5,2,2,3,8,21,40,58,77,96,112,130,148,165,178,187,196,202
0.068,1.53,0.39,0.008,0.007,5,146,5,83,489,0.03,0.03,0.005,5,0.03,5,2,6,16,32,51,70,86,100,118,137,149,154,156,156,156,156,156
0.064,1.49,0.4,0.007,0.005,5,195,5,85,503,0.03,0.03,0.005,5,0.03,5,3,6,10,16,24,34,51,70,88,107,125,141,155,169,175,179,181
0.074,1.46,0.28,0.008,0.008,35,3,5,79,443,0.03,0.03,0.005,5,0.03,5,3,5,10,24,56,91,122,146,162,174,184,191,196,200,202,202,202
0.068,1.51,0.34,0.007,0.008,33,33,5,70,470,0.03,0.03,0.005,5,0.03,5,7,10,18,36,57,78,99,119,137,154,165,186,192,194,194,194,194
0.065,1.48,0.35,0.007,0.007,34,70,5,74,466,0.03,0.03,0.005,5,0.03,5,5,8,14,22,33,50,75,116,142,159,170,176,179,181,181,181,181
0.064,1.43,0.36,0.007,0.007,36,112,5,71,447,0.03,0.03,0.005,5,0.03,5,4,8,16,35,58,86,114,135,153,164,174,182,187,187,187,187,187
0.067,1.45,0.31,0.008,0.008,38,140,5,75,449,0.03,0.03,0.005,5,0.03,5,3,8,14,26,42,69,101,131,155,167,173,174,177,178,178,178,178
0.066,1.44,0.39,0.007,0.009,45,192,5,71,435,0.03,0.03,0.005,5,0.03,5,3,5,7,10,19,53,76,100,121,137,150,159,165,169,171,171,171
0.074,1.45,0.3,0.007,0.009,120,2,5,84,337,0.03,0.03,0.005,5,0.03,5,7,10,13,15,18,20,23,60,115,150,161,171,182,193,203,210,214
0.071,1.55,0.35,0.007,0.01,130,38,5,68,399,0.03,0.03,0.005,5,0.03,5,2,3,4,8,22,46,86,132,159,179,198,211,219,221,221,221,221
0.071,1.53,0.34,0.007,0.01,110,71,5,69,392,0.03,0.03,0.005,5,0.03,5,2,3,5,11,27,53,88,122,147,165,179,188,194,194,194,194,194
0.068,1.45,0.34,0.008,0.009,130,112,5,84,339,0.03,0.03,0.005,5,0.03,5,4,4,4,15,50,84,115,142,168,182,190,192,192,192,192,192,192
0.066,1.43,0.33,0.008,0.009,120,148,5,75,351,0.03,0.03,0.005,5,0.03,5,3,3,3,12,35,62,100,130,150,162,172,179,182,182,182,182,182
0.067,1.41,0.36,0.009,0.009,120,195,5,80,367,0.03,0.03,0.005,5,0.03,5,2,3,6,6,8,10,15,41,100,134,150,160,167,173,179,186,189
0.072,1.5,0.38,0.006,0.01,260,2,5,77,291,0.03,0.03,0.005,5,0.03,5,2,2,3,4,10,31,83,125,163,181,191,200,209,214,220,225,226
0.07,1.48,0.43,0.007,0.01,260,21,5,70,314,0.03,0.03,0.005,5,0.03,5,2,2,9,39,70,107,139,177,194,221,232,234,234,234,234,234,234
0.07,1.53,0.42,0.007,0.009,290,46,5,69,292,0.03,0.03,0.005,5,0.03,5,3,4,11,86,110,140,165,180,194,204,211,214,216,216,216,216,216
0.066,1.45,0.39,0.006,0.008,270,91,5,75,255,0.03,0.03,0.005,5,0.03,5,4,6,15,53,102,134,163,180,190,198,204,208,211,212,213,214,214
0.074,1.42,0.38,0.006,0.009,270,126,5,72,269,0.03,0.03,0.005,5,0.03,5,2,2,6,35,70,98,122,146,166,180,191,200,206,206,208,208,208
0.069,1.36,0.37,0.007,0.009,250,169,5,63,253,0.03,0.03,0.005,5,0.03,5,1,2,2,6,26,50,74,104,128,149,166,178,187,192,195,196,197
0.069,1.47,0.45,0.005,0.006,410,2,5,77,282,0.03,0.03,0.005,5,0.03,5,2,3,4,10,38,75,114,150,178,192,202,212,219,223,226,226,226
0.077,1.56,0.39,0.006,0.011,400,14,5,68,286,0.03,0.03,0.005,5,0.03,5,3,6,12,54,94,133,154,170,186,202,208,224,226,227,227,227,227
0.074,1.5,0.39,0.006,0.009,410,29,5,72,275,0.03,0.03,0.005,5,0.03,5,2,9,38,72,106,139,159,169,177,184,192,200,207,213,213,213,213
0.075,1.49,0.37,0.006,0.01,370,41,5,69,282,0.03,0.03,0.005,5,0.03,5,14,39,63,86,110,130,150,170,186,199,210,220,229,232,234,234,234
0.075,1.5,0.4,0.006,0.01,390,51,5,85,297,0.03,0.03,0.005,5,0.03,5,8,22,47,76,109,137,159,170,179,189,198,206,214,219,222,224,224
0.077,1.53,0.42,0.006,0.01,430,108,5,79,298,0.03,0.03,0.005,5,0.03,5,8,11,20,49,60,79,106,134,160,180,194,198,198,198,198,198,198
0.073,1.52,0.4,0.006,0.011,390,158,5,84,290,0.03,0.03,0.005,5,0.03,5,3,4,6,10,28,51,81,110,136,154,172,188,201,208,212,214,216
0.074,1.5,0.47,0.006,0.01,580,1,5,75,292,0.03,0.03,0.005,5,0.03,5,6,6,7,10,14,24,76,124,155,171,182,194,204,212,218,223,226
0.079,1.54,0.48,0.006,0.01,610,14,5,81,276,0.03,0.03,0.005,5,0.03,5,6,13,28,45,78,110,141,166,182,189,193,194,194,194,194,194,194
0.073,1.54,0.48,0.006,0.01,520,32,5,84,294,0.03,0.03,0.005,5,0.03,5,6,14,35,62,89,114,134,150,164,175,184,192,197,201,202,202,202
0.075,1.52,0.45,0.005,0.009,610,59,5,82,280,0.03,0.03,0.005,5,0.03,5,2,3,6,13,52,84,118,148,164,178,185,188,190,191,192,192,192
0.07,1.48,0.42,0.006,0.009,610,95,5,63,298,0.03,0.03,0.005,5,0.03,5,2,2,3,11,34,62,87,113,138,155,167,174,180,182,182,182,182
0.067,1.49,0.4,0.005,0.009,640,122,5,78,305,0.03,0.03,0.005,5,0.03,5,1,2,2,3,4,14,39,71,106,131,148,162,174,179,182,182,182
0.074,1.48,0.39,0.005,0.009,660,155,5,71,320,0.03,0.03,0.005,5,0.03,5,2,3,4,6,11,16,22,30,54,85,118,145,165,174,178,178,178
0.045,0.65,0.3,0.006,0.008,55,2,5,80,490,0.03,0.03,0.005,120,0.03,20,2,2,2,2,3,5,9,14,27,98,189,205,213,220,222,224,224
0.044,0.98,0.32,0.006,0.008,55,2,5,80,460,0.03,0.03,0.005,120,0.03,20,2,2,2,3,5,11,37,69,112,200,216,222,222,223,224,224,224
0.044,1.32,0.32,0.006,0.007,55,2,5,80,410,0.03,0.03,0.005,120,0.03,20,2,3,5,6,12,31,85,141,189,212,213,213,213,213,213,213,213
0.045,1.72,0.3,0.006,0.008,55,2,5,80,390,0.03,0.03,0.005,120,0.03,20,3,3,3,5,14,46,112,146,166,186,200,210,216,218,219,219,219
0.059,0.6,0.33,0.007,0.008,55,2,5,80,490,0.03,0.03,0.005,120,0.03,20,2,2,2,3,4,6,10,35,78,143,184,205,213,216,216,216,216
0.063,1,0.35,0.006,0.008,55,2,5,80,460,0.03,0.03,0.005,120,0.03,20,2,2,3,4,6,13,38,78,136,189,212,218,221,221,221,221,221
0.066,1.35,0.37,0.005,0.007,55,2,5,80,410,0.03,0.03,0.005,120,0.03,20,2,3,5,6,12,38,101,140,165,182,192,198,202,204,206,206,206
0.07,1.77,0.33,0.006,0.008,55,2,5,80,390,0.03,0.03,0.005,120,0.03,20,3,4,5,7,26,58,94,126,152,172,187,195,198,200,200,200,200
0.099,0.65,0.35,0.008,0.009,55,2,5,80,490,0.03,0.03,0.005,120,0.03,20,2,2,2,3,4,9,14,34,78,117,157,178,188,192,195,195,195
0.098,1.05,0.32,0.007,0.009,55,2,5,80,460,0.03,0.03,0.005,120,0.03,20,2,3,5,6,10,18,40,78,122,160,196,200,200,200,200,200,200
0.096,1.29,0.3,0.007,0.009,55,2,5,80,410,0.03,0.03,0.005,120,0.03,20,2,3,5,6,12,53,109,142,162,173,182,189,194,198,200,202,202
0.093,1.65,0.33,0.007,0.007,55,2,5,80,390,0.03,0.03,0.005,120,0.03,20,4,5,6,9,22,58,94,122,147,167,182,190,194,197,197,197,197
0.147,0.63,0.4,0.008,0.007,55,2,5,80,490,0.03,0.03,0.005,120,0.03,20,8,8,9,10,11,14,19,52,90,122,148,161,170,176,181,182,182
0.152,1,0.41,0.007,0.007,55,2,5,80,460,0.03,0.03,0.005,120,0.03,20,6,8,10,14,20,29,39,58,85,120,144,160,170,178,182,184,184
0.148,1.4,0.38,0.007,0.007,55,2,5,80,410,0.03,0.03,0.005,120,0.03,20,8,8,10,14,29,54,84,108,130,149,163,171,179,182,186,187,187
0.141,1.76,0.36,0.006,0.007,55,2,5,80,390,0.03,0.03,0.005,120,0.03,20,8,10,11,18,34,50,70,94,128,151,165,173,176,179,179,179,179
0.078,1.43,0.26,0.006,0.006,5,2,5,86,481,0.03,0.03,0.005,5,0.03,5,2,2,2,2,3,4,7,18,37,66,96,126,148,161,173,182,189
0.073,1.39,0.28,0.007,0.007,5,2,5,76,454,0.03,0.95,0.005,5,0.03,5,2,2,2,3,4,7,14,26,37,57,82,106,129,145,156,166,172
0.071,1.48,0.26,0.007,0.012,5,2,5,87,460,0.03,2.28,0.005,5,0.03,5,2,2,3,7,12,20,32,44,61,78,100,122,137,148,159,166,168
0.073,1.43,0.24,0.008,0.006,5,2,5,77,460,0.03,3.12,0.005,5,0.03,5,2,3,6,9,14,22,33,45,57,69,84,102,118,123,127,131,134
0.076,1.53,0.28,0.008,0.006,5,2,5,84,444,0.03,0.03,0.25,5,0.03,5,2,2,3,6,10,18,30,45,65,86,109,130,146,155,160,162,162
0.076,1.45,0.25,0.008,0.006,5,2,5,78,457,0.03,0.03,0.5,5,0.03,5,2,2,3,5,7,13,18,29,40,54,69,88,107,122,134,142,147
0.076,1.41,0.24,0.008,0.006,5,2,5,85,447,0.03,0.03,1.11,5,0.03,5,14,16,18,19,21,22,24,28,31,35,42,52,66,80,93,101,103
0.08,1.48,0.28,0.007,0.006,5,2,5,94,436,1.07,0.03,0.005,5,0.03,5,4,6,10,14,22,33,43,58,72,87,100,110,125,136,146,147,147
0.075,1.48,0.28,0.007,0.005,5,2,5,86,466,1.55,0.03,0.005,5,0.03,5,18,20,22,23,25,26,28,30,31,42,56,75,90,106,118,120,120
0.076,1.44,0.28,0.007,0.007,5,2,5,84,476,1.96,0.03,0.005,5,0.03,5,9,10,12,14,15,18,22,28,34,40,50,60,72,84,96,105,107
0.08,1.47,0.24,0.007,0.007,5,2,5,96,455,0.03,0.03,0.005,5,0.55,5,3,5,7,10,13,15,18,23,27,34,64,98,126,152,163,167,168
0.075,1.41,0.24,0.006,0.008,5,2,5,89,484,0.03,0.03,0.005,5,1.06,5,4,6,7,10,13,15,19,26,37,51,68,88,107,125,140,152,158
0.074,1.36,0.22,0.008,0.01,5,2,5,110,484,0.03,0.03,0.005,5,1.63,5,2,3,5,6,8,11,14,18,22,28,34,41,56,77,94,112,130
0.077,1.46,0.27,0.008,0.007,28,3,5,81,459,0.03,0.03,0.005,5,0.03,5,3,5,10,24,56,91,122,146,162,174,184,191,196,200,202,202,202
0.076,1.48,0.25,0.008,0.006,33,2,5,81,417,0.03,0.95,0.005,5,0.03,5,1,6,19,34,52,70,108,143,162,178,194,202,206,208,208,208,208
0.068,1.46,0.27,0.008,0.007,34,2,5,78,436,0.03,2.24,0.005,5,0.03,5,2,14,30,46,63,79,96,116,138,155,167,176,176,176,176,176,176
0.075,1.46,0.26,0.008,0.006,32,2,5,72,418,0.03,3.15,0.005,5,0.03,5,3,14,25,34,45,55,66,95,131,147,154,158,162,162,162,162,162
0.076,1.49,0.26,0.008,0.008,34,2,5,89,412,0.03,0.03,0.25,5,0.03,5,2,2,3,15,50,95,128,151,162,170,177,181,186,189,190,190,190
0.075,1.46,0.26,0.008,0.007,31,2,5,86,429,0.03,0.03,0.5,5,0.03,5,2,5,18,28,42,64,90,119,148,163,165,166,166,166,166,166,166
0.075,1.44,0.25,0.008,0.008,31,2,5,83,432,0.03,0.03,1.07,5,0.03,5,2,3,10,22,35,50,66,82,98,115,130,144,156,158,158,158,158
0.079,1.56,0.3,0.007,0.011,27,2,5,98,431,1.03,0.03,0.005,5,0.03,5,2,3,6,17,37,65,94,119,138,148,157,167,170,173,174,174,174
0.073,1.53,0.29,0.007,0.01,27,2,5,79,438,1.53,0.03,0.005,5,0.03,5,3,6,9,18,26,42,59,78,96,114,133,143,146,147,147,147,147
0.078,1.48,0.29,0.007,0.01,28,2,5,82,438,1.96,0.03,0.005,5,0.03,5,5,8,11,15,22,28,34,42,52,65,80,95,108,114,118,119,119
0.076,1.48,0.27,0.007,0.008,22,2,5,81,454,0.03,0.03,0.005,5,0.53,5,2,6,18,32,46,64,92,120,144,160,170,177,179,180,180,180,180
0.077,1.43,0.25,0.007,0.008,19,2,5,92,456,0.03,0.03,0.005,5,1.08,5,2,4,10,22,40,52,73,96,118,139,154,161,165,168,169,169,169
0.069,1.37,0.25,0.007,0.009,23,2,5,75,475,0.03,0.03,0.005,5,1.6,5,1,3,6,11,18,25,34,44,57,72,90,109,124,138,148,150,150
0.074,1.51,0.36,0.008,0.011,40,2,5,80,410,0.03,0.03,0.005,120,0.02,20,2,2,3,14,42,81,118,150,174,195,210,220,226,229,224,224,224
0.075,1.48,0.36,0.007,0.006,40,2,5,80,410,0.03,0.03,0.005,120,0.11,20,3,4,10,26,54,88,117,144,168,189,206,218,224,227,229,229,229
0.074,1.42,0.32,0.008,0.007,40,2,5,80,410,0.03,0.03,0.005,120,0.19,20,2,2,3,8,49,96,134,157,178,195,210,222,229,232,232,232,232
0.076,1.48,0.33,0.007,0.006,40,2,5,80,410,0.03,0.03,0.005,120,0.35,20,2,3,6,16,41,67,102,131,158,183,202,214,224,227,227,227,227
0.068,1.49,0.32,0.006,0.006,40,2,5,80,410,0.03,0.03,0.005,120,0.66,20,13,14,21,34,52,76,102,131,155,174,189,200,207,210,210,210,210
0.076,1.49,0.36,0.006,0.006,40,2,5,80,410,0.03,0.03,0.005,120,1.4,20,10,11,13,18,30,46,64,82,102,122,141,154,164,170,173,173,173
0.074,1.4,0.25,0.008,0.007,1,1,6,79,475,0.03,0.03,0.005,5,0.03,5,2,2,2,2,3,6,9,18,30,42,64,121,158,166,174,180,186
0.077,1.46,0.27,0.008,0.007,28,3,5,81,459,0.03,0.03,0.005,5,0.03,5,3,5,10,24,56,91,122,146,162,174,184,191,196,200,202,202,202
0.069,1.47,0.45,0.005,0.006,410,2,1,77,282,0.03,0.03,0.005,5,0.03,5,3,4,5,8,22,50,107,157,176,186,196,204,212,218,219,220,221
0.07,1.57,0.45,0.006,0.01,390,39,13,83,308,0.03,0.03,0.005,5,0.03,5,8,13,26,65,106,138,166,188,201,206,207,208,208,208,208,208,208
0.072,1.56,0.49,0.007,0.01,420,48,160,67,438,0.03,0.03,0.005,5,0.03,5,10,14,29,65,112,146,166,178,190,202,214,226,237,240,240,240,240
0.064,1.49,0.4,0.007,0.005,5,195,5,85,503,0.03,0.03,0.005,5,0.03,5,3,6,10,16,24,34,51,70,88,107,125,141,155,169,175,179,181
0.073,1.52,0.4,0.006,0.011,390,158,5,84,290,0.03,0.03,0.005,5,0.03,5,3,4,6,10,28,51,81,110,136,154,172,188,201,208,212,214,216
0.078,1.44,0.6,0.006,0.007,540,56,580,41,440,0.03,0.03,0.005,5,0.03,5,2,2,2,2,2,5,11,23,34,48,69,109,137,146,156,160,162
0.074,1.58,0.28,0.008,0.008,5,5,5,145,404,0.03,0.03,0.005,5,0.03,5,1,1,2,2,2,3,4,10,15,22,32,50,81,116,140,163,169
0.068,1.4,0.28,0.01,0.008,31,5,5,148,409,0.03,0.03,0.005,5,0.03,5,2,2,2,2,4,10,38,70,101,130,145,156,166,176,186,194,198
0.066,1.48,0.47,0.007,0.011,410,2,5,164,285,0.03,0.03,0.005,5,0.03,5,2,2,3,6,14,30,46,72,118,153,166,174,184,194,202,205,210
0.069,1.48,0.34,0.007,0.01,370,40,5,149,281,0.03,0.03,0.005,5,0.03,5,2,6,9,12,19,33,59,93,125,149,159,164,166,168,168,168,168
0.07,1.45,0.43,0.006,0.01,470,37,170,130,439,0.03,0.03,0.005,5,0.03,5,2,2,2,5,7,18,35,70,112,149,173,187,195,198,200,200,200
0.07,1.55,0.39,0.007,0.007,7,160,6,144,396,0.03,0.03,0.005,5,0.03,5,3,5,6,8,10,13,20,30,46,66,93,118,139,147,150,152,152
0.066,1.39,0.35,0.006,0.009,360,158,5,138,290,0.03,0.03,0.005,5,0.03,5,2,3,8,27,53,87,120,140,154,165,172,179,183,186,186,186,186
0.067,1.44,0.63,0.005,0.01,480,44,560,120,473,0.03,0.03,0.005,5,0.03,5,2,5,16,34,59,86,110,130,142,154,165,174,182,187,190,192,192
0.073,1.66,0.27,0.009,0.008,5,5,5,235,399,0.03,0.03,0.005,5,0.03,5,2,2,2,2,2,3,5,8,10,17,26,36,56,78,101,122,140
0.069,1.45,0.26,0.01,0.009,29,5,2,226,391,0.03,0.03,0.005,5,0.03,5,2,2,2,2,3,6,14,26,51,75,114,138,156,170,178,184,185
0.068,1.46,0.47,0.007,0.006,450,2,5,249,297,0.03,0.03,0.005,5,0.03,5,2,2,3,6,8,14,26,38,54,100,130,146,158,168,179,187,197
0.069,1.51,0.36,0.007,0.008,410,44,5,232,292,0.03,0.03,0.005,5,0.03,5,13,14,15,17,18,19,24,36,54,82,110,133,144,144,144,144,144
0.068,1.45,0.5,0.006,0.011,470,45,180,230,440,0.03,0.03,0.005,5,0.03,5,2,2,2,2,2,2,3,7,11,18,27,38,59,86,121,142,154
0.064,1.43,0.36,0.008,0.008,5,160,5,233,426,0.03,0.03,0.005,5,0.03,5,4,6,7,9,10,14,18,23,32,46,72,106,132,141,143,144,144
0.066,1.4,0.36,0.007,0.012,390,167,5,217,297,0.03,0.03,0.005,5,0.03,5,2,2,4,12,30,49,74,104,128,143,152,158,160,162,162,162,162
0.069,1.42,0.6,0.006,0.012,430,35,560,235,470,0.03,0.03,0.005,5,0.03,5,2,2,2,2,6,29,59,88,113,134,149,158,164,168,170,170,170
0.035,0.66,0.3,0.006,0.013,55,2,5,70,490,0.03,0.03,0.005,120,0.03,20,2,2,2,3,5,8,12,19,34,77,149,198,210,214,216,216,216
0.038,1,0.3,0.005,0.014,55,2,5,100,460,0.03,0.03,0.005,120,0.03,20,2,2,2,5,7,11,25,74,117,149,173,190,201,207,210,210,210
0.049,1.42,0.34,0.005,0.013,55,2,5,90,410,0.03,0.03,0.005,120,0.03,20,6,8,10,14,22,32,66,114,146,169,182,190,197,201,203,203,203
0.051,1.82,0.34,0.006,0.017,55,2,5,90,390,0.03,0.03,0.005,120,0.03,20,14,17,20,24,30,36,50,80,110,138,156,170,178,182,184,184,184
0.038,0.66,0.33,0.007,0.015,55,2,5,70,490,0.24,0.03,0.005,120,0.03,20,2,2,2,2,3,5,8,18,35,73,131,171,195,202,204,206,206
0.041,1.01,0.33,0.007,0.013,55,2,5,100,460,0.26,0.03,0.005,120,0.03,20,2,2,2,2,3,14,20,54,109,150,182,208,219,222,222,222,222
0.042,1.46,0.34,0.006,0.015,55,2,5,90,410,0.27,0.03,0.005,120,0.03,20,2,2,3,6,11,18,45,87,125,152,174,191,202,210,213,213,213
0.047,1.85,0.35,0.006,0.015,55,2,5,90,390,0.27,0.03,0.005,120,0.03,20,15,15,16,18,22,28,40,62,92,130,160,178,183,185,186,186,186
0.04,0.61,0.33,0.005,0.01,55,2,5,70,490,0.51,0.03,0.005,120,0.03,20,13,13,13,13,13,13,13,14,22,38,74,160,185,202,204,206,206
0.042,0.96,0.32,0.008,0.01,55,2,5,100,460,0.54,0.03,0.005,120,0.03,20,2,2,3,10,20,31,50,82,120,150,169,185,195,202,206,208,208
0.046,1.4,0.35,0.006,0.01,55,2,5,90,410,0.54,0.03,0.005,120,0.03,20,13,16,19,26,34,45,60,83,112,139,160,173,181,188,194,198,198
0.05,1.82,0.32,0.005,0.016,55,2,5,90,390,0.52,0.03,0.005,120,0.03,20,18,19,21,26,31,38,53,70,92,116,141,158,171,178,182,182,182
0.041,0.59,0.28,0.008,0.012,55,2,5,70,490,1,0.03,0.005,120,0.03,20,6,6,6,6,8,10,11,13,20,36,73,106,150,174,187,195,198
0.045,0.97,0.32,0.007,0.013,55,2,5,100,460,1.05,0.03,0.005,120,0.03,20,2,2,2,5,14,25,42,69,114,151,173,190,197,198,198,198,198
0.048,1.36,0.33,0.008,0.012,55,2,5,90,410,1.07,0.03,0.005,120,0.03,20,3,5,9,14,22,30,50,74,101,126,143,157,166,171,173,173,173
0.05,1.84,0.35,0.007,0.011,55,2,5,90,390,1.07,0.03,0.005,120,0.03,20,16,18,19,22,26,33,42,55,74,100,127,141,150,156,160,162,162
0.042,0.58,0.27,0.009,0.011,55,2,5,70,490,2.32,0.03,0.005,120,0.03,20,2,2,2,2,2,2,4,8,17,30,50,70,92,110,126,139,147
0.048,0.92,0.29,0.008,0.012,55,2,5,100,460,2.35,0.03,0.005,120,0.03,20,8,9,10,10,11,13,14,20,29,38,51,64,80,97,111,125,133
0.05,1.29,0.31,0.007,0.009,55,2,5,90,410,2.26,0.03,0.005,120,0.03,20,16,16,16,17,18,20,22,25,29,34,42,54,72,100,121,132,136
0.053,1.74,0.34,0.007,0.014,55,2,5,90,390,2.3,0.03,0.005,120,0.03,20,2,3,5,6,10,14,19,26,32,38,46,54,66,80,96,106,107
0.035,0.66,0.3,0.006,0.013,55,2,5,80,490,0.03,0.03,0.005,120,0.03,20,2,2,2,3,5,8,12,19,34,77,149,198,210,214,216,216,216
0.038,1,0.3,0.005,0.014,55,2,5,80,460,0.03,0.03,0.005,120,0.03,20,2,2,2,5,7,11,25,74,117,149,173,190,201,207,210,210,210
0.049,1.42,0.34,0.005,0.013,55,2,5,80,410,0.03,0.03,0.005,120,0.03,20,6,8,10,14,22,32,66,114,146,169,182,190,197,201,203,203,203
0.051,1.82,0.34,0.006,0.017,55,2,5,80,390,0.03,0.03,0.005,120,0.03,20,14,17,20,24,30,36,50,80,110,138,156,170,178,182,184,184,184
0.035,0.64,0.33,0.008,0.011,55,2,5,80,490,0.03,0.03,0.22,120,0.03,20,2,2,2,2,4,9,22,52,93,136,178,202,213,216,216,216,216
0.04,1.02,0.32,0.008,0.012,55,2,5,80,460,0.03,0.03,0.28,120,0.03,20,2,2,2,5,12,36,79,120,161,192,202,206,207,208,208,208,208
0.045,1.4,0.31,0.008,0.013,55,2,5,80,410,0.03,0.03,0.25,120,0.03,20,3,4,6,8,18,49,84,114,137,157,169,177,181,183,184,184,184
0.048,1.86,0.34,0.008,0.014,55,2,5,80,390,0.03,0.03,0.29,120,0.03,20,2,3,6,16,30,52,75,96,114,131,144,154,160,162,163,163,163
0.038,0.63,0.3,0.009,0.012,55,2,5,80,490,0.03,0.03,0.5,120,0.03,20,3,3,3,5,6,8,12,24,46,93,139,162,170,173,174,174,174
0.039,0.95,0.28,0.008,0.013,55,2,5,80,460,0.03,0.03,0.51,120,0.03,20,3,3,3,6,11,18,30,65,105,138,162,178,182,186,187,187,187
0.045,1.43,0.33,0.008,0.014,55,2,5,80,410,0.03,0.03,0.5,120,0.03,20,7,8,9,11,14,26,50,78,106,126,146,157,163,166,168,168,168
0.05,1.81,0.33,0.008,0.014,55,2,5,80,390,0.03,0.03,0.5,120,0.03,20,8,10,13,19,29,39,52,67,85,104,122,137,146,150,152,152,152
0.042,0.64,0.3,0.01,0.01,55,2,5,80,490,0.03,0.03,1.11,120,0.03,20,5,5,6,6,8,10,11,19,31,49,70,90,109,131,147,151,152
0.044,1.01,0.33,0.008,0.012,55,2,5,80,460,0.03,0.03,1.11,120,0.03,20,13,13,14,14,18,20,28,42,65,88,110,126,139,150,155,155,155
0.049,1.37,0.34,0.008,0.013,55,2,5,80,410,0.03,0.03,1.12,120,0.03,20,11,12,13,16,21,26,34,48,69,89,108,123,134,140,142,142,142
0.048,1.76,0.33,0.008,0.015,55,2,5,80,390,0.03,0.03,1.15,120,0.03,20,16,17,18,21,24,28,35,43,56,71,88,106,122,129,130,130,130
0.073,0.64,0.35,0.005,0.004,38,2,5,77,428,0.03,0.03,0.005,3,0.03,3,2,2,2,3,13,34,60,88,123,157,178,190,197,200,200,200,200
0.073,0.63,0.34,0.005,0.004,41,2,5,80,431,0.03,0.03,0.005,3,0.03,120,2,2,2,2,2,6,22,46,78,114,141,161,174,185,192,197,198
0.075,0.61,0.33,0.005,0.004,42,2,5,85,429,0.03,0.03,0.005,3,0.03,220,2,2,2,2,2,2,7,21,45,77,111,140,161,174,182,189,192
0.069,0.64,0.33,0.006,0.003,42,2,5,85,413,0.03,0.03,0.005,3,0.03,450,2,2,2,2,2,2,5,15,29,46,70,101,124,142,158,170,178
0.075,0.65,0.33,0.009,0.005,39,2,5,110,460,0.03,0.03,0.005,3,0.03,870,2,2,2,2,2,2,2,3,8,16,27,42,62,94,119,136,144
0.076,1.74,0.29,0.008,0.006,35,2,5,92,415,0.03,0.03,0.005,4,0.03,5,6,13,20,31,49,74,110,140,157,169,178,186,193,195,198,198,198
0.074,1.74,0.3,0.006,0.006,31,2,5,89,418,0.03,0.03,0.005,4,0.03,120,3,9,16,27,45,66,90,118,142,159,173,182,190,194,196,196,196
0.076,1.72,0.28,0.006,0.007,32,2,5,110,433,0.03,0.03,0.005,4,0.03,220,2,2,2,4,13,30,54,81,108,131,153,169,179,185,188,189,189
0.077,1.75,0.28,0.008,0.01,31,2,5,97,432,0.03,0.03,0.005,4,0.03,440,2,2,2,2,7,18,30,45,62,90,125,149,162,170,177,181,182
0.078,1.75,0.28,0.006,0.007,33,2,5,105,406,0.03,0.03,0.005,4,0.03,880,2,2,2,2,5,10,18,26,36,49,67,94,122,145,157,163,166
0.035,0.66,0.3,0.006,0.013,55,2,5,80,490,0.03,0.03,0.005,120,0.03,20,2,2,2,3,5,8,12,19,34,77,149,198,210,214,216,216,216
0.038,1,0.3,0.005,0.014,55,2,5,80,460,0.03,0.03,0.005,120,0.03,20,2,2,2,5,7,11,25,74,117,149,173,190,201,207,210,210,210
0.049,1.42,0.34,0.005,0.013,55,2,5,80,410,0.03,0.03,0.005,120,0.03,20,6,8,10,14,22,32,66,114,146,169,182,190,197,201,203,203,203
0.051,1.82,0.34,0.006,0.017,55,2,5,80,390,0.03,0.03,0.005,120,0.03,20,14,17,20,24,30,36,50,80,110,138,156,170,178,182,184,184,184
0.039,0.67,0.31,0.006,0.011,55,2,5,80,490,0.03,0.49,0.005,120,0.03,20,2,2,2,3,4,5,12,35,69,116,176,207,218,221,222,222,222
0.039,1,0.3,0.006,0.01,55,2,5,80,460,0.03,0.5,0.005,120,0.03,20,4,5,6,6,12,23,44,74,114,148,172,192,206,213,214,214,214
0.055,1.44,0.31,0.006,0.014,55,2,5,80,410,0.03,0.47,0.005,120,0.03,20,10,11,15,21,34,52,86,119,145,163,180,192,200,203,204,204,204
0.046,1.85,0.3,0.006,0.017,55,2,5,80,390,0.03,0.49,0.005,120,0.03,20,8,11,17,24,31,43,60,86,114,138,157,170,178,182,182,182,182
0.038,0.65,0.31,0.007,0.01,55,2,5,80,490,0.03,1.12,0.005,120,0.03,20,8,8,8,9,10,13,22,49,86,130,170,194,205,208,211,211,211
0.042,1,0.33,0.007,0.012,55,2,5,80,460,0.03,1.1,0.005,120,0.03,20,7,8,9,11,21,49,88,119,147,170,187,195,200,205,208,208,208
0.05,1.43,0.34,0.008,0.011,55,2,5,80,410,0.03,1.06,0.005,120,0.03,20,13,18,26,35,46,62,92,124,146,160,172,181,187,191,195,195,195
0.053,1.86,0.35,0.007,0.012,55,2,5,80,390,0.03,1.04,0.005,120,0.03,20,21,24,29,34,39,46,60,76,99,122,141,154,162,166,166,166,166
0.039,0.65,0.3,0.006,0.012,55,2,5,80,490,0.03,2.32,0.005,120,0.03,20,10,10,10,17,30,48,74,102,132,159,176,182,187,190,190,190,190
0.041,0.99,0.32,0.006,0.015,55,2,5,80,460,0.03,2.32,0.005,120,0.03,20,30,32,35,40,53,74,96,120,140,158,172,183,189,190,192,192,192
0.047,1.46,0.33,0.007,0.016,55,2,5,80,410,0.03,2.33,0.005,120,0.03,20,18,18,19,24,34,46,62,79,97,115,131,146,157,166,174,176,176
0.04,1.88,0.33,0.007,0.018,55,2,5,80,390,0.03,2.3,0.005,120,0.03,20,24,24,25,26,29,33,40,52,66,82,100,117,130,142,149,151,152
0.038,0.67,0.29,0.01,0.012,55,2,5,80,390,0.03,3.49,0.005,120,0.03,20,22,26,34,46,62,83,106,126,146,164,176,186,190,192,192,192,192
0.042,1,0.3,0.008,0.012,55,2,5,80,390,0.03,3.49,0.005,120,0.03,20,28,30,32,36,46,62,78,96,125,139,149,154,157,160,162,163,163
0.052,1.44,0.3,0.007,0.013,55,2,5,80,390,0.03,3.46,0.005,120,0.03,20,29,29,30,32,35,39,45,52,63,78,97,114,128,141,148,152,152
0.053,1.85,0.36,0.007,0.013,55,2,5,80,390,0.03,3.41,0.005,120,0.03,20,13,14,14,16,19,22,26,30,34,39,48,57,66,78,97,115,122
0.073,0.64,0.34,0.008,0.007,5,2,5,63,450,0.03,0.03,0.005,5,0.03,5,2,2,3,7,14,29,53,83,122,150,163,170,172,173,174,174,174
0.058,0.59,0.2,0.007,0.007,37,2,5,55,501,0.03,0.03,0.005,5,0.03,5,2,2,2,2,3,4,19,61,115,162,200,218,224,226,226,226,226
0.064,1,0.2,0.007,0.006,51,2,5,65,457,0.03,0.03,0.005,5,0.03,5,3,4,5,6,10,35,104,152,182,198,208,211,213,214,216,216,216
0.066,1.37,0.2,0.007,0.006,50,2,5,55,436,0.03,0.03,0.005,5,0.03,5,2,2,2,3,20,64,131,168,192,206,217,222,225,226,227,227,227
0.064,1.79,0.2,0.007,0.005,70,2,5,70,443,0.03,0.03,0.005,5,0.03,5,3,5,10,19,38,74,131,172,195,210,215,220,224,226,226,226,226
0.076,0.66,0.42,0.007,0.007,60,2,5,55,452,0.03,0.03,0.005,5,0.03,5,2,2,2,2,2,3,8,33,66,114,166,206,211,214,216,216,216
0.065,1.02,0.38,0.007,0.007,67,2,5,65,419,0.03,0.03,0.005,5,0.03,5,2,2,3,4,6,13,42,85,130,174,198,213,222,229,230,230,230
0.066,1.42,0.37,0.007,0.008,75,2,5,55,415,0.03,0.03,0.005,5,0.03,5,2,2,3,8,33,64,111,152,178,197,210,218,221,223,224,224,224
0.066,1.82,0.37,0.007,0.008,83,2,5,70,406,0.03,0.03,0.005,5,0.03,5,3,8,16,30,50,74,107,142,171,191,206,214,219,221,222,222,222
0.067,0.64,0.62,0.007,0.008,74,2,5,55,405,0.03,0.03,0.005,5,0.03,5,2,2,2,2,4,6,8,10,19,54,103,161,186,191,194,194,194
0.061,1.03,0.64,0.007,0.008,79,2,5,65,394,0.03,0.03,0.005,5,0.03,5,2,2,2,3,5,12,20,42,80,154,205,220,222,224,224,224,224
0.075,1.43,0.66,0.006,0.007,80,2,5,55,366,0.03,0.03,0.005,5,0.03,5,2,2,3,5,18,42,80,131,166,189,203,213,218,220,221,221,221
0.068,1.77,0.61,0.006,0.007,94,2,5,70,378,0.03,0.03,0.005,5,0.03,5,2,2,3,13,48,74,104,129,153,174,194,211,222,224,226,226,226
0.073,0.63,0.94,0.008,0.009,100,2,5,55,351,0.03,0.03,0.005,5,0.03,5,2,3,5,8,11,14,19,25,34,60,97,128,154,165,172,176,178
0.068,1,0.94,0.006,0.01,110,2,5,50,350,0.03,0.03,0.005,5,0.03,5,2,2,2,2,3,5,14,38,62,93,134,166,188,195,198,198,198
0.064,1.36,0.92,0.006,0.009,110,2,5,50,343,0.03,0.03,0.005,5,0.03,5,2,2,3,6,8,14,30,58,88,122,147,173,189,197,200,200,200
0.067,1.76,0.91,0.006,0.007,120,2,5,60,298,0.03,0.03,0.005,5,0.03,5,2,3,6,12,30,46,64,88,122,153,174,187,197,204,206,206,206
0.035,0.66,0.3,0.006,0.013,55,2,5,70,490,0.03,0.03,0.005,120,0.03,20,2,2,2,3,5,8,12,19,34,77,149,198,210,214,216,216,216
0.038,1,0.3,0.005,0.014,55,2,5,100,460,0.03,0.03,0.005,120,0.03,20,2,2,2,5,7,11,25,74,117,149,173,190,201,207,210,210,210
0.049,1.42,0.34,0.005,0.013,55,2,5,90,410,0.03,0.03,0.005,120,0.03,20,6,8,10,14,22,32,66,114,146,169,182,190,197,201,203,203,203
0.051,1.82,0.34,0.006,0.017,55,2,5,90,390,0.03,0.03,0.005,120,0.03,20,14,17,20,24,30,36,50,80,110,138,156,170,178,182,184,184,184
0.073,0.64,0.34,0.008,0.007,7,2,5,63,450,0.03,0.03,0.005,5,0.03,5,2,2,3,7,14,29,53,83,122,150,163,170,172,173,174,174,174
0.073,0.64,0.35,0.005,0.004,38,2,5,77,428,0.03,0.03,0.005,5,0.03,5,3,3,3,4,12,27,56,83,116,152,175,187,192,196,196,196,196
0.074,0.67,0.35,0.008,0.007,95,2,5,73,384,0.03,0.03,0.005,5,0.03,5,3,3,3,4,5,11,26,59,99,139,165,176,180,182,184,184,184
0.078,0.68,0.38,0.009,0.007,160,2,5,69,340,0.03,0.03,0.005,5,0.03,5,6,6,6,7,9,12,22,46,75,135,165,184,196,204,210,214,216
0.079,0.73,0.44,0.006,0.008,240,2,5,69,290,0.03,0.03,0.005,5,0.03,5,3,3,3,3,4,9,38,67,98,132,166,187,199,208,215,219,222
0.071,0.64,0.36,0.006,0.006,43,2,5,78,435,0.03,0.03,0.005,220,0.03,5,2,2,3,7,12,20,36,70,112,150,172,186,192,192,192,192,192
0.071,0.64,0.44,0.008,0.005,36,2,5,88,411,0.03,0.03,0.005,450,0.03,5,2,2,2,5,10,18,36,70,112,141,158,170,177,182,184,184,184
0.073,0.62,0.37,0.008,0.005,31,2,5,75,432,0.03,0.03,0.005,610,0.03,5,2,2,2,5,10,18,36,68,111,154,174,186,193,196,196,196,196
0.072,0.64,0.37,0.008,0.005,34,2,5,84,436,0.03,0.03,0.005,830,0.03,5,2,2,2,2,3,13,30,64,101,134,165,188,198,200,200,200,200
0.079,1.72,0.26,0.006,0.007,27,2,5,72,423,0.03,0.03,0.005,240,0.03,5,2,4,14,29,46,70,104,137,155,167,177,184,189,191,192,192,192
0.076,1.71,0.27,0.007,0.007,25,2,5,74,423,0.03,0.03,0.005,400,0.03,5,2,2,5,22,54,87,122,148,166,176,188,189,189,189,189,189,189
0.078,1.71,0.26,0.005,0.007,25,2,5,86,405,0.03,0.03,0.005,600,0.03,5,2,3,10,26,51,82,118,141,156,163,168,173,179,182,184,184,184
0.087,1.77,0.26,0.006,0.007,25,2,5,90,411,0.03,0.03,0.005,840,0.03,5,3,10,22,36,51,80,116,142,158,168,173,177,179,179,179,179,179
0.065,1.37,0.39,0.006,0.006,55,2,5,83,417,0.03,0.03,0.005,120,0.03,20,4,5,6,9,14,42,85,141,182,198,210,216,216,216,216,216,216
0.062,1.34,0.41,0.005,0.006,55,2,5,113,440,0.03,0.03,0.005,120,0.03,20,4,5,6,6,11,26,61,101,134,170,197,211,214,216,216,216,216
0.061,1.34,0.41,0.006,0.006,55,2,5,153,432,0.03,0.03,0.005,120,0.03,20,4,5,6,12,21,34,50,82,118,149,173,188,195,195,195,195,195
0.061,1.28,0.37,0.006,0.006,55,2,5,213,416,0.03,0.03,0.005,120,0.03,20,2,2,3,4,5,10,28,49,78,116,142,162,177,186,192,192,192
0.067,1.43,0.38,0.005,0.007,55,2,5,58,433,0.03,0.03,0.005,120,0.03,20,3,4,7,14,26,45,82,128,173,210,224,226,227,227,227,227,227
0.069,1.37,0.39,0.005,0.015,55,2,5,61,418,0.03,0.03,0.005,120,0.03,20,2,3,4,8,17,32,70,120,165,198,216,222,224,224,224,224,224
0.066,1.4,0.37,0.005,0.023,55,2,5,63,431,0.03,0.03,0.005,120,0.03,20,2,6,12,18,30,49,77,130,174,205,220,221,221,221,221,221,221
0.066,1.36,0.35,0.005,0.03,55,2,5,61,421,0.03,0.03,0.005,120,0.03,20,2,3,5,7,10,35,76,118,157,190,206,210,210,210,210,210,210
0.065,1.45,0.35,0.006,0.04,55,2,5,62,426,0.03,0.03,0.005,120,0.03,20,2,3,6,12,25,45,74,112,148,177,200,211,216,220,221,221,221
0.063,1.39,0.37,0.007,0.007,55,2,5,54,437,0.03,0.03,0.005,120,0.03,20,3,4,7,12,30,58,106,164,190,206,218,222,225,227,227,227,227
0.057,1.41,0.37,0.016,0.007,55,2,5,58,457,0.03,0.03,0.005,120,0.03,20,2,3,5,8,15,33,74,106,135,158,178,194,198,198,198,198,198
0.057,1.38,0.35,0.027,0.007,55,2,5,55,480,0.03,0.03,0.005,120,0.03,20,3,6,9,13,23,40,66,94,119,138,151,159,168,170,171,171,171
0.062,1.39,0.36,0.038,0.007,55,2,5,52,500,0.03,0.03,0.005,120,0.03,20,2,2,2,2,4,14,30,53,76,97,115,130,139,144,144,144,144
0.063,1.38,0.35,0.046,0.008,55,2,5,52,516,0.03,0.03,0.005,120,0.03,20,2,2,2,3,6,14,27,39,58,74,95,112,121,125,125,125,125
0.07,1.57,0.45,0.006,0.01,390,39,13,83,308,0.03,0.03,0.005,5,0.03,5,8,13,26,65,106,138,166,188,201,206,207,208,208,208,208,208,208
0.07,1.53,0.44,0.007,0.01,450,48,68,82,370,0.03,0.03,0.005,5,0.03,5,8,13,24,62,114,150,166,178,190,202,214,226,234,238,240,240,240
0.07,1.56,0.49,0.007,0.01,420,48,160,67,438,0.03,0.03,0.005,5,0.03,5,10,14,29,65,112,146,166,178,190,202,214,226,237,240,240,240,240
0.07,1.51,0.57,0.007,0.012,460,51,310,60,482,0.03,0.03,0.005,5,0.03,5,14,16,19,26,34,46,70,96,122,148,170,181,184,184,184,184,184
0.07,1.53,0.6,0.006,0.01,440,54,380,53,473,0.03,0.03,0.005,5,0.03,5,2,3,6,9,14,26,42,62,91,122,154,182,186,188,189,189,189
0.08,1.44,0.6,0.006,0.007,540,56,580,41,440,0.03,0.03,0.005,5,0.03,5,2,2,2,2,2,5,11,23,34,48,69,109,137,146,156,160,162
0.07,1.48,0.34,0.007,0.01,370,40,5,149,281,0.03,0.03,0.005,5,0.03,5,5,6,9,12,19,33,59,93,125,149,159,164,166,168,168,168,168
0.07,1.49,0.34,0.007,0.01,410,36,61,150,382,0.03,0.03,0.005,5,0.03,5,2,2,2,3,6,14,49,84,118,142,155,167,180,190,200,205,206
0.07,1.45,0.43,0.006,0.01,470,37,170,130,439,0.03,0.03,0.005,5,0.03,5,2,2,2,5,7,18,35,70,112,149,173,187,195,198,200,200,200
0.07,1.43,0.43,0.005,0.01,490,41,330,120,489,0.03,0.03,0.005,5,0.03,5,2,2,3,10,24,66,99,134,156,171,184,194,204,206,208,208,208
0.07,1.44,0.55,0.005,0.01,460,48,460,120,479,0.03,0.03,0.005,5,0.03,5,2,2,6,14,28,53,85,117,142,162,178,187,192,192,192,192,192
0.07,1.44,0.63,0.005,0.01,480,44,560,120,473,0.03,0.03,0.005,5,0.03,5,2,5,16,34,59,86,110,130,142,154,165,174,182,187,190,192,192
0.07,1.51,0.36,0.007,0.008,410,44,5,232,292,0.03,0.03,0.005,5,0.03,5,13,14,15,17,18,19,24,36,54,82,110,133,144,144,144,144,144
0.07,1.38,0.35,0.007,0.012,500,38,62,245,412,0.03,0.03,0.005,5,0.03,5,2,2,2,2,2,2,3,5,12,34,56,82,110,131,146,154,158
0.07,1.45,0.5,0.006,0.011,470,45,180,230,440,0.03,0.03,0.005,5,0.03,5,2,2,2,2,2,2,3,7,11,18,27,38,59,86,121,142,154
0.07,1.44,0.54,0.005,0.014,450,42,310,230,480,0.03,0.03,0.005,5,0.03,5,2,2,2,2,2,2,2,3,7,15,44,68,102,131,152,164,167
0.07,1.38,0.52,0.006,0.011,410,35,380,225,478,0.03,0.03,0.005,5,0.03,5,2,2,2,3,5,7,14,23,36,51,80,112,143,150,155,158,162
0.07,1.42,0.6,0.006,0.012,430,35,560,235,470,0.03,0.03,0.005,5,0.03,5,2,2,2,2,6,29,59,88,113,134,149,158,164,168,170,170,170
0.073,1.51,0.3,0.007,0.007,5,1,5,94,449,0.03,0.03,0.005,5,0.03,5,2,2,2,2,3,6,9,18,30,42,64,121,158,166,174,180,186
0.067,1.53,0.27,0.008,0.007,2,16,5,86,456,0.03,0.03,0.005,5,0.03,5,1,2,2,3,5,6,13,26,38,54,74,103,126,142,153,162,166
0.071,1.58,0.29,0.007,0.006,2,28,5,84,452,0.03,0.03,0.005,5,0.03,5,2,3,4,5,6,8,19,36,51,70,88,108,126,144,158,171,178
0.066,1.48,0.33,0.008,0.007,5,64,5,74,511,0.03,0.03,0.005,5,0.03,5,4,5,6,6,10,18,34,52,70,87,102,117,130,142,155,166,176
0.066,1.48,0.37,0.008,0.008,5,109,5,63,493,0.03,0.03,0.005,5,0.03,5,2,2,3,8,21,40,58,77,96,112,130,148,165,178,187,196,202
0.068,1.53,0.39,0.008,0.007,5,146,5,83,489,0.03,0.03,0.005,5,0.03,5,2,6,16,32,51,70,86,100,118,137,149,154,156,156,156,156,156
0.064,1.49,0.4,0.007,0.005,5,195,5,85,503,0.03,0.03,0.005,5,0.03,5,3,6,10,16,24,34,51,70,88,107,125,141,155,169,175,179,181
0.074,1.46,0.28,0.008,0.008,35,3,5,79,443,0.03,0.03,0.005,5,0.03,5,3,5,10,24,56,91,122,146,162,174,184,191,196,200,202,202,202
0.068,1.51,0.34,0.007,0.008,33,33,5,70,470,0.03,0.03,0.005,5,0.03,5,7,10,18,36,57,78,99,119,137,154,165,186,192,194,194,194,194
0.065,1.48,0.35,0.007,0.007,34,70,5,74,466,0.03,0.03,0.005,5,0.03,5,5,8,14,22,33,50,75,116,142,159,170,176,179,181,181,181,181
0.064,1.43,0.36,0.007,0.007,36,112,5,71,447,0.03,0.03,0.005,5,0.03,5,4,8,16,35,58,86,114,135,153,164,174,182,187,187,187,187,187
0.067,1.45,0.31,0.008,0.008,38,140,5,75,449,0.03,0.03,0.005,5,0.03,5,3,8,14,26,42,69,101,131,155,167,173,174,177,178,178,178,178
0.066,1.44,0.39,0.007,0.009,45,192,5,71,435,0.03,0.03,0.005,5,0.03,5,3,5,7,10,19,53,76,100,121,137,150,159,165,169,171,171,171
0.074,1.45,0.3,0.007,0.009,120,2,5,84,337,0.03,0.03,0.005,5,0.03,5,7,10,13,15,18,20,23,60,115,150,161,171,182,193,203,210,214
0.071,1.55,0.35,0.007,0.01,130,38,5,68,370,0.03,0.03,0.005,5,0.03,5,2,3,4,8,22,46,86,132,159,179,198,211,219,221,221,221,221
0.071,1.53,0.34,0.007,0.01,110,71,5,69,380,0.03,0.03,0.005,5,0.03,5,2,3,5,11,27,53,88,122,147,165,179,188,194,194,194,194,194
0.068,1.45,0.34,0.008,0.009,130,112,5,84,339,0.03,0.03,0.005,5,0.03,5,4,4,4,15,50,84,115,142,168,182,190,192,192,192,192,192,192
0.066,1.43,0.33,0.008,0.009,120,148,5,75,351,0.03,0.03,0.005,5,0.03,5,3,3,3,12,35,62,100,130,150,162,172,179,182,182,182,182,182
0.067,1.41,0.36,0.009,0.009,120,195,5,80,367,0.03,0.03,0.005,5,0.03,5,2,3,6,6,8,10,15,41,100,134,150,160,167,173,179,186,189
0.072,1.5,0.38,0.006,0.01,260,2,5,77,291,0.03,0.03,0.005,5,0.03,5,2,2,3,4,10,31,83,125,163,181,191,200,209,214,220,225,226
0.07,1.48,0.43,0.007,0.01,260,21,5,70,314,0.03,0.03,0.005,5,0.03,5,2,2,9,39,70,107,139,177,194,221,232,234,234,234,234,234,234
0.07,1.53,0.42,0.007,0.009,290,46,5,69,292,0.03,0.03,0.005,5,0.03,5,3,4,11,86,110,140,165,180,194,204,211,214,216,216,216,216,216
0.066,1.45,0.39,0.006,0.008,270,91,5,75,255,0.03,0.03,0.005,5,0.03,5,4,6,15,53,102,134,163,180,190,198,204,208,211,212,213,214,214
0.074,1.42,0.38,0.006,0.009,270,126,5,72,269,0.03,0.03,0.005,5,0.03,5,2,2,6,35,70,98,122,146,166,180,191,200,206,206,208,208,208
0.069,1.36,0.37,0.007,0.009,250,169,5,63,253,0.03,0.03,0.005,5,0.03,5,1,2,2,6,26,50,74,104,128,149,166,178,187,192,195,196,197
0.069,1.47,0.45,0.005,0.006,410,2,5,77,282,0.03,0.03,0.005,5,0.03,5,2,3,4,10,38,75,114,150,178,192,202,212,219,223,226,226,226
0.077,1.56,0.39,0.006,0.011,400,14,5,68,286,0.03,0.03,0.005,5,0.03,5,3,6,12,54,94,133,154,170,186,202,208,224,226,227,227,227,227
0.074,1.5,0.39,0.006,0.009,410,29,5,72,275,0.03,0.03,0.005,5,0.03,5,2,9,38,72,106,139,159,169,177,184,192,200,207,213,213,213,213
0.075,1.49,0.37,0.006,0.01,370,41,5,69,282,0.03,0.03,0.005,5,0.03,5,14,39,63,86,110,130,150,170,186,199,210,220,229,232,234,234,234
0.075,1.5,0.4,0.006,0.01,390,51,5,85,297,0.03,0.03,0.005,5,0.03,5,8,22,47,76,109,137,159,170,179,189,198,206,214,219,222,224,224
0.077,1.53,0.42,0.006,0.01,430,108,5,79,298,0.03,0.03,0.005,5,0.03,5,8,11,20,49,60,79,106,134,160,180,194,198,198,198,198,198,198
0.073,1.52,0.4,0.006,0.011,390,158,5,84,290,0.03,0.03,0.005,5,0.03,5,3,4,6,10,28,51,81,110,136,154,172,188,201,208,212,214,216
0.074,1.5,0.47,0.006,0.01,580,1,5,75,292,0.03,0.03,0.005,5,0.03,5,6,6,7,10,14,24,76,124,155,171,182,194,204,212,218,223,226
0.079,1.54,0.48,0.006,0.01,610,14,5,81,276,0.03,0.03,0.005,5,0.03,5,6,13,28,45,78,110,141,166,182,189,193,194,194,194,194,194,194
0.073,1.54,0.48,0.006,0.01,520,32,5,84,294,0.03,0.03,0.005,5,0.03,5,6,14,35,62,89,114,134,150,164,175,184,192,197,201,202,202,202
0.075,1.52,0.45,0.005,0.009,610,59,5,82,280,0.03,0.03,0.005,5,0.03,5,2,3,6,13,52,84,118,148,164,178,185,188,190,191,192,192,192
0.07,1.48,0.42,0.006,0.009,610,95,5,63,298,0.03,0.03,0.005,5,0.03,5,2,2,3,11,34,62,87,113,138,155,167,174,180,182,182,182,182
0.067,1.49,0.4,0.005,0.009,640,122,5,78,305,0.03,0.03,0.005,5,0.03,5,1,2,2,3,4,14,39,71,106,131,148,162,174,179,182,182,182
0.074,1.48,0.39,0.005,0.009,660,155,5,71,320,0.03,0.03,0.005,5,0.03,5,2,3,4,6,11,16,22,30,54,85,118,145,165,174,178,178,178
0.074,1.58,0.28,0.008,0.008,5,5,5,145,402,0.03,0.03,0.005,5,0.03,5,1,1,2,2,2,3,4,10,15,22,32,50,81,116,140,163,169
0.07,1.55,0.39,0.007,0.007,7,160,5,144,396,0.03,0.03,0.005,5,0.03,5,3,5,6,8,10,13,20,30,46,66,93,118,139,147,150,152,152
0.074,1.58,0.28,0.008,0.008,5,5,5,145,402,0.03,0.03,0.005,5,0.03,5,1,1,2,2,2,3,4,10,15,22,32,50,81,116,140,163,169
0.056,1.37,0.26,0.006,0.009,36,38,5,133,360,0.03,0.03,0.005,5,0.03,5,2,2,2,2,4,10,20,49,97,136,151,166,180,192,204,214,222
0.05,1.4,0.28,0.007,0.01,40,80,5,130,385,0.03,0.03,0.005,5,0.03,5,2,2,2,5,7,10,14,22,50,76,111,138,158,164,166,166,166
0.048,1.36,0.31,0.007,0.01,45,119,5,127,299,0.03,0.03,0.005,5,0.03,5,2,2,2,4,7,12,22,40,68,106,134,145,157,169,180,188,192
0.048,1.38,0.32,0.006,0.009,45,161,5,125,325,0.03,0.03,0.005,5,0.03,5,2,2,2,3,7,20,40,61,83,105,126,146,160,170,174,176,176
0.045,1.4,0.35,0.006,0.009,47,190,5,128,325,0.03,0.03,0.005,5,0.03,5,2,2,2,2,6,10,46,70,96,122,146,160,168,174,177,178,178
0.07,1.5,0.29,0.008,0.009,120,2,5,164,341,0.03,0.03,0.005,5,0.03,5,2,2,2,2,4,9,18,31,51,98,127,144,159,173,186,196,206
0.071,1.53,0.27,0.005,0.009,120,32,5,167,315,0.03,0.03,0.005,5,0.03,5,2,2,2,3,6,13,28,46,85,133,162,172,179,186,188,190,190
0.073,1.53,0.28,0.005,0.01,130,57,5,172,313,0.03,0.03,0.005,5,0.03,5,2,2,2,3,6,10,18,46,83,126,150,165,175,180,184,186,186
0.068,1.47,0.27,0.005,0.009,110,90,5,152,265,0.03,0.03,0.005,5,0.03,5,2,2,2,2,6,20,42,76,110,137,155,170,176,178,178,178,178
0.068,1.43,0.29,0.005,0.009,110,129,5,154,308,0.03,0.03,0.005,5,0.03,5,3,3,3,6,7,10,50,84,119,141,149,155,159,162,164,166,167
0.068,1.45,0.35,0.005,0.009,100,158,5,167,311,0.03,0.03,0.005,5,0.03,5,2,2,3,6,14,32,57,90,117,140,158,168,173,173,173,173,173
0.068,1.51,0.39,0.007,0.009,300,2,5,166,278,0.03,0.03,0.005,5,0.03,5,2,2,2,3,7,17,34,54,81,117,150,176,195,200,200,200,200
0.071,1.54,0.37,0.004,0.007,200,46,5,161,289,0.03,0.03,0.005,5,0.03,5,2,3,5,8,13,21,32,51,90,120,145,160,172,179,183,187,188
0.07,1.51,0.42,0.005,0.008,210,105,5,156,271,0.03,0.03,0.005,5,0.03,5,2,2,2,2,7,23,43,74,110,130,146,162,173,179,180,180,180
0.07,1.61,0.39,0.004,0.006,210,147,5,170,269,0.03,0.03,0.005,5,0.03,5,2,2,2,6,25,43,66,95,123,145,162,171,176,176,176,176,176
0.067,1.5,0.41,0.004,0.006,230,200,5,141,274,0.03,0.03,0.005,5,0.03,5,2,2,2,2,6,28,67,99,121,137,150,162,170,177,183,186,187
0.066,1.48,0.47,0.007,0.011,410,2,5,164,285,0.03,0.03,0.005,5,0.03,5,2,2,3,6,14,30,46,72,118,153,166,174,184,194,202,205,210
0.072,1.53,0.37,0.006,0.011,370,15,5,149,291,0.03,0.03,0.005,5,0.03,5,2,3,5,9,14,28,53,91,130,150,159,165,168,168,168,168,168
0.071,1.51,0.38,0.007,0.011,410,29,5,143,285,0.03,0.03,0.005,5,0.03,5,2,3,6,12,19,34,62,92,120,144,160,162,162,162,162,162,162
0.069,1.48,0.34,0.007,0.01,370,40,5,149,281,0.03,0.03,0.005,5,0.03,5,2,5,8,12,19,32,59,93,125,150,158,164,165,166,166,166,168
0.068,1.46,0.34,0.006,0.01,350,54,5,139,284,0.03,0.03,0.005,5,0.03,5,2,2,6,14,30,48,72,106,134,147,154,160,164,165,166,166,166
0.069,1.48,0.35,0.007,0.011,350,102,5,140,277,0.03,0.03,0.005,5,0.03,5,2,2,3,10,42,82,112,139,155,164,170,171,171,171,171,171,171
0.066,1.39,0.35,0.006,0.009,360,158,5,138,290,0.03,0.03,0.005,5,0.03,5,2,3,8,27,53,87,120,140,154,165,172,179,183,186,186,186,186
0.073,1.66,0.27,0.009,0.008,5,5,5,235,399,0.03,0.03,0.005,5,0.03,5,2,2,2,2,2,3,5,8,10,17,26,36,56,78,101,122,140
0.064,1.43,0.36,0.008,0.008,5,160,5,233,426,0.03,0.03,0.005,5,0.03,5,4,6,7,9,10,14,18,23,32,46,72,106,132,141,143,144,144
0.069,1.45,0.26,0.01,0.013,29,2,5,226,391,0.03,0.03,0.005,5,0.03,5,2,2,2,2,3,6,14,26,51,75,114,138,156,170,178,184,185
0.048,1.42,0.24,0.006,0.008,35,34,5,234,310,0.03,0.03,0.005,5,0.03,5,2,2,3,6,10,15,20,28,58,91,122,138,150,162,170,176,176
0.048,1.45,0.26,0.006,0.009,38,66,5,238,308,0.03,0.03,0.005,5,0.03,5,2,2,2,2,2,5,9,13,16,22,66,111,138,148,149,149,149
0.047,1.44,0.29,0.006,0.008,41,105,5,236,287,0.03,0.03,0.005,5,0.03,5,2,2,2,2,3,7,14,21,37,64,89,113,130,146,157,160,160
0.045,1.47,0.34,0.006,0.009,45,167,5,223,308,0.03,0.03,0.005,5,0.03,5,2,2,2,2,3,8,18,29,48,78,112,133,143,148,168,168,168
0.046,1.46,0.34,0.006,0.009,46,197,5,222,351,0.03,0.03,0.005,5,0.03,5,2,2,3,6,10,16,25,38,63,88,127,146,156,160,160,160,160
0.07,1.45,0.28,0.009,0.009,120,2,5,239,315,0.03,0.03,0.005,5,0.03,5,2,2,2,2,2,4,13,31,52,78,109,132,154,160,165,168,168
0.068,1.46,0.35,0.005,0.01,120,29,5,243,314,0.03,0.03,0.005,5,0.03,5,2,2,2,2,5,7,18,35,56,90,122,148,166,180,189,194,196
0.068,1.45,0.34,0.005,0.009,120,59,5,250,335,0.03,0.03,0.005,5,0.03,5,2,2,2,2,4,8,18,30,58,80,105,130,150,166,173,174,175
0.068,1.39,0.33,0.005,0.009,110,90,5,270,314,0.03,0.03,0.005,5,0.03,5,2,2,2,4,7,11,16,37,59,97,119,131,144,154,164,172,177
0.065,1.47,0.3,0.004,0.009,110,128,5,239,319,0.03,0.03,0.005,5,0.03,5,2,2,2,2,6,14,32,54,83,109,136,141,146,153,158,161,161
0.061,1.37,0.3,0.005,0.009,100,162,5,210,310,0.03,0.03,0.005,5,0.03,5,2,3,8,13,22,38,55,74,92,110,126,142,153,162,167,170,170
0.067,1.48,0.4,0.006,0.008,320,2,5,253,286,0.03,0.03,0.005,5,0.03,5,2,2,2,2,2,4,14,32,52,82,113,139,160,174,183,190,196
0.072,1.47,0.32,0.005,0.006,190,43,5,265,248,0.03,0.03,0.005,5,0.03,5,2,2,2,4,7,9,14,22,44,67,94,123,142,153,158,159,160
0.069,1.41,0.34,0.005,0.006,210,91,5,236,261,0.03,0.03,0.005,5,0.03,5,2,2,2,3,6,10,14,21,35,82,105,124,136,143,148,150,151
0.068,1.44,0.34,0.005,0.006,210,143,5,236,270,0.03,0.03,0.005,5,0.03,5,2,2,2,3,6,9,20,49,78,110,135,151,159,160,160,160,160
0.07,1.37,0.4,0.006,0.006,250,200,5,224,269,0.03,0.03,0.005,5,0.03,5,3,6,11,18,29,48,68,90,114,135,151,158,162,166,168,168,168
0.07,1.46,0.4,0.007,0.01,430,2,5,225,299,0.03,0.03,0.005,5,0.03,5,2,3,6,10,14,17,22,40,67,98,133,154,169,179,188,192,193
0.071,1.51,0.38,0.007,0.01,410,16,5,227,287,0.03,0.03,0.005,5,0.03,5,3,5,6,8,11,16,23,38,72,99,124,138,146,150,151,152,152
0.068,1.42,0.36,0.007,0.009,380,28,5,220,299,0.03,0.03,0.005,5,0.03,5,3,6,9,13,18,26,33,45,66,91,113,123,133,142,152,160,166
0.069,1.51,0.36,0.007,0.008,410,44,5,232,292,0.03,0.03,0.005,5,0.03,5,2,2,2,2,2,4,14,32,52,82,113,139,160,174,183,190,196
0.071,1.46,0.36,0.007,0.01,370,52,5,229,284,0.03,0.03,0.005,5,0.03,5,2,2,2,2,6,22,38,56,75,92,106,120,133,144,154,162,166
0.073,1.44,0.35,0.007,0.011,360,110,5,229,285,0.03,0.03,0.005,5,0.03,5,2,2,2,4,7,19,37,64,94,122,138,145,150,152,152,152,152
0.066,1.4,0.36,0.007,0.012,390,167,5,217,297,0.03,0.03,0.005,5,0.03,5,2,2,4,12,30,49,74,104,128,143,152,158,160,162,162,162,162
0.073,1.51,0.3,0.007,0.007,5,1,5,94,449,0.03,0.03,0.005,5,0.03,5,2,2,2,2,3,6,9,18,30,42,64,121,158,166,174,180,186
0.067,1.53,0.27,0.008,0.007,2,16,5,86,456,0.03,0.03,0.005,5,0.03,5,1,2,2,3,5,6,13,26,38,54,74,103,126,142,153,162,166
0.071,1.58,0.29,0.007,0.006,2,28,5,84,452,0.03,0.03,0.005,5,0.03,5,2,3,4,5,6,8,19,36,51,70,88,108,126,144,158,171,178
0.066,1.48,0.33,0.008,0.007,5,64,5,74,511,0.03,0.03,0.005,5,0.03,5,4,5,6,6,10,18,34,52,70,87,102,117,130,142,155,166,176
0.066,1.48,0.37,0.008,0.008,5,109,5,63,493,0.03,0.03,0.005,5,0.03,5,2,2,3,8,21,40,58,77,96,112,130,148,165,178,187,196,202
0.068,1.53,0.39,0.008,0.007,5,146,5,83,489,0.03,0.03,0.005,5,0.03,5,2,6,16,32,51,70,86,100,118,137,149,154,156,156,156,156,156
0.064,1.49,0.4,0.007,0.005,5,195,5,85,503,0.03,0.03,0.005,5,0.03,5,3,6,10,16,24,34,51,70,88,107,125,141,155,169,175,179,181
0.074,1.46,0.28,0.008,0.008,35,3,5,79,443,0.03,0.03,0.005,5,0.03,5,3,5,10,24,56,91,122,146,162,174,184,191,196,200,202,202,202
0.068,1.51,0.34,0.007,0.008,33,33,5,70,470,0.03,0.03,0.005,5,0.03,5,7,10,18,36,57,78,99,119,137,154,165,186,192,194,194,194,194
0.065,1.48,0.35,0.007,0.007,34,70,5,74,466,0.03,0.03,0.005,5,0.03,5,5,8,14,22,33,50,75,116,142,159,170,176,179,181,181,181,181
0.064,1.43,0.36,0.007,0.007,36,112,5,71,447,0.03,0.03,0.005,5,0.03,5,4,8,16,35,58,86,114,135,153,164,174,182,187,187,187,187,187
0.067,1.45,0.31,0.008,0.008,38,140,5,75,449,0.03,0.03,0.005,5,0.03,5,3,8,14,26,42,69,101,131,155,167,173,174,177,178,178,178,178
0.066,1.44,0.39,0.007,0.009,45,192,5,71,435,0.03,0.03,0.005,5,0.03,5,3,5,7,10,19,53,76,100,121,137,150,159,165,169,171,171,171
0.074,1.45,0.3,0.007,0.009,120,2,5,84,337,0.03,0.03,0.005,5,0.03,5,7,10,13,15,18,20,23,60,115,150,161,171,182,193,203,210,214
0.071,1.55,0.35,0.007,0.01,130,38,5,68,370,0.03,0.03,0.005,5,0.03,5,2,3,4,8,22,46,86,132,159,179,198,211,219,221,221,221,221
0.071,1.53,0.34,0.007,0.01,110,71,5,69,380,0.03,0.03,0.005,5,0.03,5,2,3,5,11,27,53,88,122,147,165,179,188,194,194,194,194,194
0.068,1.45,0.34,0.008,0.009,130,112,5,84,339,0.03,0.03,0.005,5,0.03,5,4,4,4,15,50,84,115,142,168,182,190,192,192,192,192,192,192
0.066,1.43,0.33,0.008,0.009,120,148,5,75,351,0.03,0.03,0.005,5,0.03,5,3,3,3,12,35,62,100,130,150,162,172,179,182,182,182,182,182
0.067,1.41,0.36,0.009,0.009,120,195,5,80,367,0.03,0.03,0.005,5,0.03,5,2,3,6,6,8,10,15,41,100,134,150,160,167,173,179,186,189
0.072,1.5,0.38,0.006,0.01,260,2,5,77,291,0.03,0.03,0.005,5,0.03,5,2,2,3,4,10,31,83,125,163,181,191,200,209,214,220,225,226
0.07,1.48,0.43,0.007,0.01,260,21,5,70,314,0.03,0.03,0.005,5,0.03,5,2,2,9,39,70,107,139,177,194,221,232,234,234,234,234,234,234
0.07,1.53,0.42,0.007,0.009,290,46,5,69,292,0.03,0.03,0.005,5,0.03,5,3,4,11,86,110,140,165,180,194,204,211,214,216,216,216,216,216
0.066,1.45,0.39,0.006,0.008,270,91,5,75,255,0.03,0.03,0.005,5,0.03,5,4,6,15,53,102,134,163,180,190,198,204,208,211,212,213,214,214
0.074,1.42,0.38,0.006,0.009,270,126,5,72,269,0.03,0.03,0.005,5,0.03,5,2,2,6,35,70,98,122,146,166,180,191,200,206,206,208,208,208
0.069,1.36,0.37,0.007,0.009,250,169,5,63,253,0.03,0.03,0.005,5,0.03,5,1,2,2,6,26,50,74,104,128,149,166,178,187,192,195,196,197
0.069,1.47,0.45,0.005,0.006,410,2,5,77,282,0.03,0.03,0.005,5,0.03,5,2,3,4,10,38,75,114,150,178,192,202,212,219,223,226,226,226
0.077,1.56,0.39,0.006,0.011,400,14,5,68,286,0.03,0.03,0.005,5,0.03,5,3,6,12,54,94,133,154,170,186,202,208,224,226,227,227,227,227
0.074,1.5,0.39,0.006,0.009,410,29,5,72,275,0.03,0.03,0.005,5,0.03,5,2,9,38,72,106,139,159,169,177,184,192,200,207,213,213,213,213
0.075,1.49,0.37,0.006,0.01,370,41,5,69,282,0.03,0.03,0.005,5,0.03,5,14,39,63,86,110,130,150,170,186,199,210,220,229,232,234,234,234
0.075,1.5,0.4,0.006,0.01,390,51,5,85,297,0.03,0.03,0.005,5,0.03,5,8,22,47,76,109,137,159,170,179,189,198,206,214,219,222,224,224
0.077,1.53,0.42,0.006,0.01,430,108,5,79,298,0.03,0.03,0.005,5,0.03,5,8,11,20,49,60,79,106,134,160,180,194,198,198,198,198,198,198
0.073,1.52,0.4,0.006,0.011,390,158,5,84,290,0.03,0.03,0.005,5,0.03,5,3,4,6,10,28,51,81,110,136,154,172,188,201,208,212,214,216
0.074,1.5,0.47,0.006,0.01,580,1,5,75,292,0.03,0.03,0.005,5,0.03,5,6,6,7,10,14,24,76,124,155,171,182,194,204,212,218,223,226
0.079,1.54,0.48,0.006,0.01,610,14,5,81,276,0.03,0.03,0.005,5,0.03,5,6,13,28,45,78,110,141,166,182,189,193,194,194,194,194,194,194
0.073,1.54,0.48,0.006,0.01,520,32,5,84,294,0.03,0.03,0.005,5,0.03,5,6,14,35,62,89,114,134,150,164,175,184,192,197,201,202,202,202
0.075,1.52,0.45,0.005,0.009,610,59,5,82,280,0.03,0.03,0.005,5,0.03,5,2,3,6,13,52,84,118,148,164,178,185,188,190,191,192,192,192
0.07,1.48,0.42,0.006,0.009,610,95,5,63,298,0.03,0.03,0.005,5,0.03,5,2,2,3,11,34,62,87,113,138,155,167,174,180,182,182,182,182
0.067,1.49,0.4,0.005,0.009,640,122,5,78,305,0.03,0.03,0.005,5,0.03,5,1,2,2,3,4,14,39,71,106,131,148,162,174,179,182,182,182
0.074,1.48,0.39,0.005,0.009,660,155,5,71,320,0.03,0.03,0.005,5,0.03,5,2,3,4,6,11,16,22,30,54,85,118,145,165,174,178,178,178
0.074,1.4,0.25,0.006,0.007,1,2,5,79,475,0.03,0.03,0.005,5,0.03,5,2,2,2,2,3,6,9,18,30,42,64,121,158,166,174,180,186
0.077,1.46,0.27,0.008,0.007,28,2,5,81,459,0.03,0.03,0.005,5,0.03,5,3,5,10,24,56,91,122,146,162,174,184,191,196,200,202,202,202
0.073,1.41,0.26,0.007,0.011,90,2,5,83,392,0.03,0.03,0.005,5,0.03,5,2,2,2,3,10,33,66,100,130,159,179,185,191,198,203,206,208
0.074,1.45,0.3,0.007,0.009,150,2,5,84,337,0.03,0.03,0.005,5,0.03,5,7,10,13,15,18,20,23,60,115,150,161,171,182,193,203,210,214
0.072,1.44,0.35,0.006,0.012,200,2,5,71,312,0.03,0.03,0.005,5,0.03,5,2,2,3,8,22,38,67,114,145,161,173,184,193,201,206,210,212
0.072,1.5,0.38,0.006,0.01,260,2,5,77,291,0.03,0.03,0.005,5,0.03,5,2,2,3,4,10,31,83,125,163,181,191,200,209,214,220,225,226
0.069,1.45,0.4,0.006,0.008,330,2,5,81,285,0.03,0.03,0.005,5,0.03,5,6,8,10,14,20,34,97,145,160,176,191,206,217,222,224,224,224
0.069,1.47,0.45,0.005,0.006,410,2,5,77,282,0.03,0.03,0.005,5,0.03,5,3,4,5,8,22,50,107,157,176,186,196,204,212,218,219,220,221
0.069,1.49,0.43,0.004,0.005,460,2,5,77,294,0.03,0.03,0.005,5,0.03,5,4,4,4,12,24,49,100,160,176,185,194,203,211,217,220,220,220
0.074,1.58,0.28,0.008,0.008,5,2,5,145,404,0.03,0.03,0.005,5,0.03,5,1,1,2,2,2,3,4,10,15,22,32,50,81,116,140,163,169
0.068,1.4,0.28,0.01,0.008,31,2,5,148,409,0.03,0.03,0.005,5,0.03,5,2,2,2,2,4,10,38,70,101,130,145,156,166,176,186,194,198
0.069,1.5,0.31,0.008,0.008,51,2,5,160,400,0.03,0.03,0.005,5,0.03,5,2,3,6,10,13,24,46,86,122,146,160,170,178,186,195,198,202
0.07,1.5,0.29,0.008,0.009,120,2,5,164,341,0.03,0.03,0.005,5,0.03,5,2,2,2,2,4,9,18,31,51,98,127,144,159,173,186,196,206
0.068,1.51,0.39,0.007,0.009,300,2,5,166,278,0.03,0.03,0.005,5,0.03,5,2,2,2,3,7,17,34,54,81,117,150,176,195,200,200,200,200
0.066,1.48,0.47,0.007,0.011,410,2,5,164,285,0.03,0.03,0.005,5,0.03,5,2,2,3,6,14,30,46,72,118,153,166,174,184,194,202,205,210
0.07,1.5,0.45,0.004,0.006,590,2,5,155,297,0.03,0.03,0.005,5,0.03,5,2,3,5,8,10,18,41,66,102,146,179,202,210,210,210,210,210
0.073,1.66,0.27,0.009,0.008,5,2,5,235,399,0.03,0.03,0.005,5,0.03,5,2,2,2,2,2,3,5,8,10,17,26,36,56,78,101,122,140
0.069,1.45,0.26,0.01,0.009,29,2,5,226,391,0.03,0.03,0.005,5,0.03,5,2,2,2,2,3,6,14,26,51,75,114,138,156,170,178,184,185
0.073,1.53,0.29,0.009,0.007,46,2,5,243,419,0.03,0.03,0.005,5,0.03,5,6,6,7,10,12,16,26,44,67,96,124,148,164,172,178,182,184
0.07,1.45,0.28,0.009,0.009,120,2,5,239,315,0.03,0.03,0.005,5,0.03,5,2,2,2,2,2,4,13,31,52,78,109,132,154,160,165,168,168
0.067,1.48,0.4,0.006,0.008,320,2,5,253,286,0.03,0.03,0.005,5,0.03,5,2,2,2,2,2,4,14,32,52,82,113,139,160,174,183,190,196
0.068,1.46,0.47,0.007,0.006,450,2,5,249,297,0.03,0.03,0.005,5,0.03,5,2,2,3,6,8,14,26,38,54,100,130,146,158,168,179,187,197
0.066,1.47,0.43,0.005,0.006,690,2,5,240,322,0.03,0.03,0.005,5,0.03,5,5,6,6,8,10,13,21,34,59,92,130,164,185,189,190,190,190
0.061,1.44,0.33,0.005,0.009,15,2,5,66,377,0.03,0.03,0.005,120,0.03,20,2,5,11,29,65,100,128,156,177,188,197,205,211,216,219,222,224
0.076,1.4,0.41,0.005,0.006,27,2,5,82,395,0.03,0.03,0.005,120,0.03,20,5,10,20,32,62,108,144,160,171,182,195,206,216,222,227,230,233
0.073,1.38,0.44,0.004,0.006,42,2,5,73,420,0.03,0.03,0.005,120,0.03,20,2,4,12,30,58,86,116,138,158,175,190,202,211,217,221,223,225
0.071,1.42,0.44,0.008,0.006,53,2,5,76,403,0.03,0.03,0.005,120,0.03,20,2,2,6,12,33,67,104,134,162,178,192,207,220,225,230,232,234
0.073,1.44,0.46,0.008,0.006,69,2,5,77,402,0.03,0.03,0.005,120,0.03,20,2,3,7,18,30,45,68,108,136,158,174,186,194,199,203,205,205
0.07,1.4,0.45,0.004,0.007,78,2,5,77,416,0.03,0.03,0.005,120,0.03,20,6,8,10,14,20,27,55,101,150,174,189,198,202,204,205,205,205
0.078,1.46,0.39,0.003,0.009,2,2,5,50,235,0.03,0.03,0.005,5,0.03,5,4,6,7,8,10,13,19,44,81,136,174,204,221,229,232,234,234
0.078,1.49,0.38,0.003,0.009,19,2,5,59,242,0.03,0.03,0.005,5,0.03,5,2,7,22,54,109,152,182,198,205,210,212,213,214,215,216,216,216
0.082,1.49,0.37,0.003,0.009,30,2,5,59,257,0.03,0.03,0.005,5,0.03,5,4,7,13,58,102,135,163,180,195,208,219,224,227,229,229,229,229
0.084,1.42,0.36,0.003,0.009,35,2,5,46,240,0.03,0.03,0.005,5,0.03,5,4,8,18,38,98,142,167,188,205,219,226,229,230,230,230,230,230
0.087,1.41,0.37,0.003,0.009,55,2,5,53,246,0.03,0.03,0.005,5,0.03,5,8,10,16,27,58,102,138,170,190,199,204,208,210,211,212,212,212
0.088,1.48,0.41,0.003,0.009,100,2,5,53,217,0.03,0.03,0.005,5,0.03,5,2,4,10,18,31,64,106,144,173,188,194,198,202,204,206,208,208
0.083,1.66,0.35,0.004,0.01,5,2,5,58,270,0.03,0.03,0.005,5,0.03,5,3,5,6,8,10,11,14,32,60,96,134,162,180,190,198,202,204
0.082,1.69,0.35,0.004,0.01,15,2,5,58,283,0.03,0.03,0.005,5,0.03,5,12,19,26,34,59,97,135,181,203,214,219,222,224,226,226,226,226
0.085,1.63,0.34,0.004,0.01,25,2,5,68,276,0.03,0.03,0.005,5,0.03,5,10,21,42,76,114,145,166,183,194,205,212,216,219,221,224,224,224
0.08,1.64,0.34,0.004,0.01,32,2,5,66,276,0.03,0.03,0.005,5,0.03,5,8,11,17,31,73,122,160,182,191,199,202,203,203,203,203,203,203
0.083,1.58,0.37,0.004,0.009,59,2,5,68,286,0.03,0.03,0.005,5,0.03,5,6,7,10,24,56,94,132,164,188,196,198,199,200,200,200,200,200
0.087,1.6,0.38,0.004,0.011,88,2,5,75,270,0.03,0.03,0.005,5,0.03,5,3,5,10,22,43,69,118,154,174,184,188,190,190,192,192,192,192
0.081,1.35,0.32,0.005,0.011,6,2,5,80,361,0.03,0.03,0.005,5,0.03,5,3,3,3,4,5,10,17,27,42,76,113,145,163,171,175,178,181
0.083,1.37,0.33,0.006,0.012,20,2,5,76,353,0.03,0.03,0.005,5,0.03,5,6,8,11,18,37,74,114,150,175,186,193,198,202,202,204,206,206
0.081,1.52,0.37,0.006,0.013,30,2,5,88,346,0.03,0.03,0.005,5,0.03,5,4,8,14,24,40,74,112,142,162,174,187,200,211,218,222,224,224
0.086,1.54,0.39,0.006,0.014,52,2,5,86,328,0.03,0.03,0.005,5,0.03,5,6,12,18,29,47,72,100,128,152,166,177,184,190,194,196,197,197
0.086,1.45,0.34,0.005,0.013,79,2,5,87,356,0.03,0.03,0.005,5,0.03,5,3,5,10,13,22,50,95,132,157,177,189,199,206,210,211,212,212
0.085,1.47,0.42,0.006,0.011,110,2,5,79,347,0.03,0.03,0.005,5,0.03,5,6,7,10,18,26,44,78,118,150,171,187,192,192,192,192,192,192
0.078,1.27,0.29,0.007,0.008,3,2,5,90,431,0.03,0.03,0.005,5,0.03,5,2,2,2,2,3,7,22,45,72,102,131,146,157,166,171,176,178
0.078,1.31,0.3,0.006,0.007,21,2,5,87,420,0.03,0.03,0.005,5,0.03,5,2,4,10,19,45,74,104,132,156,171,184,193,196,197,198,198,198
0.085,1.4,0.35,0.007,0.008,34,2,5,94,391,0.03,0.03,0.005,5,0.03,5,2,5,14,33,53,80,107,130,149,165,179,189,195,196,196,196,196
0.081,1.27,0.36,0.007,0.007,53,2,5,91,390,0.03,0.03,0.005,5,0.03,5,2,4,9,19,34,62,96,122,142,160,174,187,197,204,209,211,212
0.075,1.3,0.4,0.008,0.008,68,2,5,84,400,0.03,0.03,0.005,5,0.03,5,6,9,14,20,31,48,67,94,129,152,162,168,174,180,187,190,194
0.075,1.34,0.42,0.007,0.009,110,2,5,99,374,0.03,0.03,0.005,5,0.03,5,2,3,5,9,17,37,74,106,133,157,173,182,189,192,194,194,194
0.074,1.45,0.33,0.005,0.005,6,2,5,90,408,0.03,0.03,0.005,120,0.03,20,2,3,5,9,12,17,29,48,86,135,189,211,211,211,211,211,211
0.073,1.49,0.34,0.004,0.007,16,2,5,84,396,0.03,0.03,0.005,120,0.03,20,6,11,17,26,38,62,95,136,166,190,205,214,218,219,219,219,219
0.071,1.46,0.36,0.004,0.006,22,2,5,85,400,0.03,0.03,0.005,120,0.03,20,2,3,5,11,31,74,126,156,181,198,211,213,213,213,213,213,213
0.061,1.36,0.33,0.005,0.006,28,2,5,81,419,0.03,0.03,0.005,120,0.03,20,2,3,5,12,51,107,150,180,200,210,221,222,224,224,224,224,224
0.07,1.48,0.32,0.005,0.006,55,2,5,75,373,0.03,0.03,0.005,120,0.03,20,2,2,3,6,14,50,101,152,184,200,207,212,214,216,216,216,216
0.068,1.38,0.32,0.004,0.005,77,2,5,74,376,0.03,0.03,0.005,120,0.03,20,2,4,7,10,13,19,58,106,148,178,204,220,221,222,224,224,224
0.068,1.51,0.35,0.006,0.006,100,2,5,87,351,0.03,0.03,0.005,120,0.03,20,2,2,3,5,8,19,43,82,136,168,192,206,212,214,216,216,216
0.065,1.53,0.39,0.005,0.006,140,2,5,93,351,0.03,0.03,0.005,120,0.03,20,2,3,4,5,6,16,37,74,118,149,170,181,187,192,194,195,195
0.07,1.64,0.48,0.005,0.006,210,2,5,102,290,0.03,0.03,0.005,120,0.03,20,2,2,3,4,12,47,85,118,138,162,181,197,208,213,216,219,219
0.075,1.75,0.29,0.006,0.005,255,2,5,96,272,0.03,0.03,0.005,120,0.03,20,3,5,8,14,30,53,84,117,153,171,180,186,190,192,194,195,195
